1	FAMOUS_BOOKS	Don Quixote	Miguel de Cervantes
2	FAMOUS_BOOKS	War and Peace	Leo Tolstoy
3	FAMOUS_BOOKS	Ulysses	James Joyce
4	FAMOUS_BOOKS	In Search of Lost Time	Marcel Proust
5	FAMOUS_BOOKS	The Brothers Karamazov	Feodor Dostoevsky
6	FAMOUS_BOOKS	Moby-Dick	Herman Melville
7	FAMOUS_BOOKS	Madame Bovary	Gustave Flaubert
8	FAMOUS_BOOKS	Middlemarch	George Eliot
9	FAMOUS_BOOKS	The Magic Mountain	Thomas Mann
10	FAMOUS_BOOKS	The Tale of Genji	Murasaki Shikibu
11	FAMOUS_BOOKS	Emma	Jane Austen
12	FAMOUS_BOOKS	Bleak House	Charles Dickens
13	FAMOUS_BOOKS	Anna Karenina	Leo Tolstoy
14	FAMOUS_BOOKS	Adventures of Huckleberry Finn	Mark Twain
15	FAMOUS_BOOKS	Tom Jones	Henry Fielding
16	FAMOUS_BOOKS	Great Expectations	Charles Dickens
17	FAMOUS_BOOKS	"""Absalom, Absalom!"""	William Faulkner
18	FAMOUS_BOOKS	The Ambassadors	Henry James
19	FAMOUS_BOOKS	OneÿHundredÿYearsÿofÿSolitude	Gabriel Garcia Marquez
20	FAMOUS_BOOKS	The Great Gatsby	F. Scott Fitzgerald
21	FAMOUS_BOOKS	To The Lighthouse	Virginia Woolf
22	FAMOUS_BOOKS	Crime and Punishment	Feodor Dostoevsky
23	FAMOUS_BOOKS	The Sound and the Fury	William Faulkner
24	FAMOUS_BOOKS	Vanity Fair	William Makepeace Thackeray
25	FAMOUS_BOOKS	Invisible Man	Ralph Ellison
26	FAMOUS_BOOKS	Finnegans Wake	James Joyce
27	FAMOUS_BOOKS	The Man Without Qualities	Robert Musil
28	FAMOUS_BOOKS	Gravity's Rainbow	Thomas Pynchon
29	FAMOUS_BOOKS	The Portrait of a Lady	Henry James
30	FAMOUS_BOOKS	Women in Love	D. H. Lawrence
31	FAMOUS_BOOKS	The Red and the Black	Stendhal
32	FAMOUS_BOOKS	Tristram Shandy	Laurence Sterne
33	FAMOUS_BOOKS	Dead Souls	Nikolai Gogol
34	FAMOUS_BOOKS	Tess of the D'Urbervilles	Thomas Hardy
35	FAMOUS_BOOKS	Buddenbrooks	Thomas Mann
36	FAMOUS_BOOKS	Le Pere Goriot	Honore de Balzac
37	FAMOUS_BOOKS	A Portrait of the Artist as a Young Man	James Joyce
38	FAMOUS_BOOKS	Wuthering Heights	Emily Bronte
39	FAMOUS_BOOKS	The Tin Drum	Gunter Grass
40	FAMOUS_BOOKS	Molloy; Malone Dies; The Unnamable	Samuel Beckett
41	FAMOUS_BOOKS	Pride and Prejudice	Jane Austen
42	FAMOUS_BOOKS	The Scarlet Letter	Nathaniel Hawthorne
43	FAMOUS_BOOKS	Fathers and Sons	Ivan Turgenev
44	FAMOUS_BOOKS	Nostromo	Joseph Conrad
45	FAMOUS_BOOKS	Beloved	Toni Morrison
46	FAMOUS_BOOKS	An American Tragedy	Theodore Dreiser
47	FAMOUS_BOOKS	Lolita	Vladimir Nabokov
48	FAMOUS_BOOKS	The Golden Notebook	Doris Lessing
49	FAMOUS_BOOKS	Clarissa	Samuel Richardson
50	FAMOUS_BOOKS	Dream of the Red Chamber	Cao Xueqin
51	FAMOUS_BOOKS	The Trial	Franz Kafka
52	FAMOUS_BOOKS	Jane Eyre	Charlotte Bronte
53	FAMOUS_BOOKS	The Red Badge of Courage	Stephen Crane
54	FAMOUS_BOOKS	The Grapes of Wrath	John Steinbeck
55	FAMOUS_BOOKS	Petersburg	Andrey Bely
56	FAMOUS_BOOKS	Things Fall Apart	Chinue Achebe
57	FAMOUS_BOOKS	The Princess of Cleves	Madame de Lafayette
58	FAMOUS_BOOKS	The Stranger	Albert Camus
59	FAMOUS_BOOKS	My Antonia	Willa Cather
60	FAMOUS_BOOKS	TheÿCounterfeiters	Andre Gide
61	FAMOUS_BOOKS	The Age of Innocence	Edith Wharton
62	FAMOUS_BOOKS	The Good Soldier	Ford Madox Ford
63	FAMOUS_BOOKS	The Awakening	Kate Chopin
64	FAMOUS_BOOKS	A Passage to India	E. M. Forster
65	FAMOUS_BOOKS	Herzog	Saul Bellow
66	FAMOUS_BOOKS	Germinal	Emile Zola
67	FAMOUS_BOOKS	Call It Sleep	Henry Roth
68	FAMOUS_BOOKS	U.S.A. Trilogy	JohnÿDosÿPassos
69	FAMOUS_BOOKS	Hunger	Knut Hamsun
70	FAMOUS_BOOKS	Berlin Alexanderplatz	Alfred Doblin
71	FAMOUS_BOOKS	Cities of Salt	'Abd al-Rahman Munif
72	FAMOUS_BOOKS	The Death of Artemio Cruz	Carlos Fuentes
73	FAMOUS_BOOKS	A Farewell to Arms	Ernest Hemingway
74	FAMOUS_BOOKS	Brideshead Revisited	Evelyn Waugh
75	FAMOUS_BOOKS	The Last Chronicle of Barset	Anthony Trollope
76	FAMOUS_BOOKS	The Pickwick Papers	Charles Dickens
77	FAMOUS_BOOKS	Robinson Crusoe	Daniel Defoe
78	FAMOUS_BOOKS	TheÿSorrowsÿofÿYoungÿWerther	Johann Wolfgang von Goethe
79	FAMOUS_BOOKS	Candide	Voltaire
80	FAMOUS_BOOKS	Native Son	Richard Wright
81	FAMOUS_BOOKS	Under the Volcano	Malcolm Lowry
82	FAMOUS_BOOKS	Oblomov	Ivan Goncharov
83	FAMOUS_BOOKS	Their Eyes Were Watching God	Zora Neale Hurston
84	FAMOUS_BOOKS	Waverley	Sir Walter Scott
85	FAMOUS_BOOKS	Snow Country	Kawabata Yasunari
86	FAMOUS_BOOKS	Nineteen Eighty-Four	George Orwell
87	FAMOUS_BOOKS	The Betrothed	Alessandro Manzoni
88	FAMOUS_BOOKS	The Last of the Mohicans	James Fenimore Cooper
89	FAMOUS_BOOKS	Uncle Tom's Cabin	Harriet Beecher Stowe
90	FAMOUS_BOOKS	Les Miserables	Victor Hugo
91	FAMOUS_BOOKS	On the Road	Jack Kerouac
92	FAMOUS_BOOKS	Frankenstein	Mary Shelley
93	FAMOUS_BOOKS	The Leopard	Giuseppe Tomasi di Lampedusa
94	FAMOUS_BOOKS	The Catcher in the Rye	J.D. Salinger
95	FAMOUS_BOOKS	The Woman in White	Wilkie Collins
96	FAMOUS_BOOKS	The Good Soldier Svejk	Jaroslav Hasek
97	FAMOUS_BOOKS	Dracula	Bram Stoker
98	FAMOUS_BOOKS	The Three Musketeers	Alexandre Dumas
99	FAMOUS_BOOKS	The Hound of Baskervilles	Arthur Conan Doyle
100	FAMOUS_BOOKS	Gone with the Wind	Margaret MitchellGK	Which Mediterranean countries orchestra is bigger than its army	Monaco
101	GK	What links stags tails, pickled worms, gallstones, tomatoes	Once thought to be Aphrodisiacs
102	GK	Baked beans were originally served in what sauce	Treacle - molasses
103	GK	Where can you buy a copy of Penguin News	Falkland Islands
104	GK	Who was the hero of the old TV cop series Dragnet	Sergeant Joe Friday
105	GK	Which African country was founded by Americans	Liberia
106	GK	What was Britain called - before it was Britain	Albion
107	GK	What part of a frog do you rub to hypnotise it	Its belly
108	GK	How did multi millionaire Russell Sage save money	Not wear underwear
109	GK	How was USA president James Buchanan different from all rest	Bachelor maybe gay
110	GK	What's involved in 20% of car accidents in Sweden	A moose
111	GK	What's unusual about evangelist Amy Semple McPhersons coffin	Contains Telephone
112	GK	Who would use a swozzle	Punch and Judy man
113	GK	What does a tailor do with his plonker	Press suits
114	GK	Churches in Malta have two what	Clocks right and wrong confuse devil
115	GK	Marnie Nixon what Deborah Kerr Natilie Wood Audrey Hepburn	Dubbed in their singing voices
116	GK	Which Italian tractor maker tried making cars in 1960s	Ferruchio Lamborghini
117	GK	What first appeared on Page 1 of the Times 3 May 1966	News stories
118	GK	Caruso put what in Nellie Melbas hand singing tiny hand frozen	Hot Sausage
119	GK	What would you do with an Edzell blue	Eat it
120	GK	In what month did the Russian October revolution take place	November
121	GK	Nobody's perfect is the last line in which classic comedy film	Some Like it Hot
122	GK	How did Buffalo Bill stick to one glass whisky a day	Quart glass
123	GK	In 1760 what means of personal transport was invented	Roller Skates
124	GK	What three counties were Eliza Dolittle taught to pronounce	Hertford Hereford Hampshire
125	GK	In Hitchcock's film The Trouble with Harry - what was the trouble	He was dead
126	GK	What was the first gramophone record made from	Tinfoil
127	GK	What did George Washington soak his wooden teeth in for taste	Port
128	GK	George V1 Mozart Al Jolson Casanova - which organisation	Freemasons
129	GK	Who said "Its so long since sex I forget who gets tied up"	Joan Rivers
130	GK	St Appolonia Patron Saint of what	Toothache
131	GK	What is measured on the Gay-Lussac scale	Alcohol strength
132	GK	A squid found in New Zealand had the biggest what ever seen	Eye 15.75 inches
133	GK	What was the first country to guarantee freedom of worship	Transylvania
134	GK	which famous person invented the cat flap	Isaac Newton
135	GK	By law what can you not do in Minnesota with your washing line	Put male female washing together
136	GK	Why do Tibetans grow long nails on little fingers	To pick noses efficiently
137	GK	Richard Penniman became famous as who	Little Richard
138	GK	What is a snood	A kind of hairnet
139	GK	Who said "men are creatures with two legs and 8 hands"	Jayne Mansfield
140	GK	Which European country eats the most breakfast cereal	Britain
141	GK	Philosopher Jeremy Bentham has a very unusual pet - what	Tea Pot
142	GK	What country did Italy invade in 1935	Abyssinia - Ethiopia
143	GK	Who sang the title song in the film Grease	Frankie Valli
144	GK	What is produced in a ginnery	Cotton
145	GK	What was made illegal in England in 1439	Kissing
146	GK	What was invented by Dr Albert Southwick in 1881	Electric chair
147	GK	In which country are you most likely to die from a scorpion sting	Mexico (1000 a year)
148	GK	Who is the most filmed author	Shakespeare over 300
149	GK	Excluding religious works what is the worlds top selling book	Guinness Book of RecordsGK	Who sold the most albums on a single day	Elvis
150	GK	What was the last item shown on British TV before WW2	Mickey Mouse
151	GK	What countries people had the longest life expectation	Iceland
152	GK	Who said "I like Beethoven especially the poems"	Ringo Starr
153	GK	What does the entire economy of the island of Nauru depend on	Bird shit
154	GK	John Glen first USA to orbit earth was in which service	US Marine Corps
155	GK	Oedipus was named after what - literal translation	Swollen feet
156	GK	What fish can hold objects in its tail	Sea Horse
157	GK	Who is the most filmed comic strip character	Zorro
158	GK	Whose version of A View to a Kill reached 1 in USA 2 in UK	Duran Duran
159	GK	Which country grows the most potatoes	Russia
160	GK	What does a drosomoter measure	Dew
161	GK	Which English Kings armour has the biggest codpiece	Henry 8
162	GK	Which country was the first to abolish capitol punishment 1826	Russia Czar Nicholas
163	GK	In law what is a co-parcener	Joint Heir
164	GK	Which pop group had a hit with Silence is Golden	Tremaloes
165	GK	Greek mathematician cylinder enclosed sphere carved on grave	Archimedes
166	GK	What does a psephologist study	Voting - Elections
167	GK	Where would you find line of Mars - Girdle of Venus	Palm
168	GK	British call this bird species tits - what do Americans call them	Chickadees
169	GK	Which country owns the Hen and Chicken islands	North island New Zealand
170	GK	Who created the TV series - The man from UNCLE	Ian Fleming
171	GK	Which film director described actors as cattle	Alfred Hitchcock
172	GK	Barring rain - in which athletics event would you get wet	Steeplechase
173	GK	What colour is the flesh of the Charentais melon	Orange
174	GK	Who appeared on the first US postage stamps (both names)	Washington - Franklin
175	GK	Who was the first person elected to US swimming hall fame	Johnny Weismuller
176	GK	The guillotine was invented for chopping off what	Hands
177	GK	Which country invented the bedsprings	Greeks
178	GK	Whets the difference between fog and mist	Seeing Distance under 1000yd
179	GK	What did Spanish scientists fit to cows to increase milk yield	False Teeth
180	GK	What people founded cheese making in England	Romans
181	GK	What is the first name of Mr Toad - in Toad of Toad Hall	Thaddeus
182	GK	Atephobia is a fear of what	Imperfection
183	GK	What are Grapnel, Bruce, Danforth, Plough types of?	Anchor
184	GK	Why did Handel compose The Messiah	For Cash
185	GK	Red flags flown by French ships - Joli Rouge origin of what name	Jolly Rodger
186	GK	in which country could you spend a Kwanza	Angola
187	GK	John Henry Deutchendorf famous as who (both names)	John Denver
188	GK	Mitre Dovetail Jig and Hack are types of what	Saw
189	GK	Tracey and Hepburn first film in 1942 was what	Woman of the Year
190	GK	Antimacassars were fitted to chairs - what is macasser	Hair oil
191	GK	Jack Ketch 1663 1686 had what job	Hangman
192	GK	Nekal was the first type of what product (Germany 1917)	Detergent
193	GK	Who was the first Grand Prix driver to used a safety belt in 1967	Jackie Stuart
194	GK	The SF award the Hugo is named after Hugo who?	Gernsbeck
195	GK	Maurice Micklewhite became famous as who	Michael Caine
196	GK	What do Ombrophobes fear	Rain
197	GK	If you had a Brassica Rapa what vegetable would you have	TurnipGK	Boob Day in Spain is what day in Britain (practical jokes played)	April Fools Day
198	GK	What crime did Theresa Vaughn commit 62 times in 5 years	Bigamy - Tried 1922
199	GK	Who sailed in a ship called Queen Ann's Revenge	Blackbeard
200	GK	Saponification is the process that makes what common product	Soap
201	GK	Blue red green yellow four Olympic rings colour what's missing	Black
202	GK	Detective Philip Marlow smokes what brand	Camels
203	GK	Who landed on Timor Island after being cast adrift	Captain Bligh
204	GK	What is the more common name of the Chaparral Cock	The Road Runner
205	GK	In what language did St Paul write his epistles	Greek
206	GK	Ian Fleming's house was called Goldeneye - which country	Jamaica
207	GK	Alfred Schneider became famous as who	Lenny Bruce
208	GK	A C-Curity was the original name of what common object	Zip Fastener
209	GK	Fidelity Bravery Integrity is which organisations motto	FBI
210	GK	Who was the first black entertainer to win an Emmy award	Harry Bellefonte
211	GK	Anthony Daniels played who in a series of films	C-P3O
212	GK	Of what material was the hairspring made in early watches	Pigs Hair
213	GK	In 1860 Napoleon III banquet - serving dishes dearer gold - what	Aluminium
214	GK	Which author created Dick Tracy	Chester Gould
215	GK	What is the worlds most widely used vegetable	Onion
216	GK	What are lentigines	Freckles
217	GK	What type of animal is a vmi-vmi	Very small pig
218	GK	What did Mege-Mouries invent in 1870 winning a Napoleon prize	Margarine
219	GK	What was Walt Disney's middle name	Elias
220	GK	Who would you expect to find in Castle Gondolofo	The Pope
221	GK	What two items make up the dish devils on horseback	Bacon Prunes
222	GK	What does ludo mean (literally)	I Play
223	GK	The Detours changed to The High Numbers then what name	The Who
224	GK	What animal was believed to be a cross camel - leopard	Giraffe
225	GK	An elephant has 400000 what in its trunk	Muscles
226	GK	What colour is cerulean	Deep Blue
227	GK	Who composed the Air for the G string (init and name)	JS Bach
228	GK	What were Twinkletoes - Lucky Jim (stuffed cats) first to do	Fly across Atlantic
229	GK	What are kreplach	Jewish ravioli
230	GK	The pica pica is what common bird	Magpie
231	GK	What male human feature was taxed in Elizabethan times	Beards
232	GK	Which record company rejected the Beatles as being past it	Decca
233	GK	From which country does spinach originate	Iran
234	GK	British policemen have truncheons what is USA equivalent	Nightstick
235	GK	In DC comics Linda Lee Danvers is whose alter ego	Supergirl
236	GK	In what country does the cow tree grow - sap looks tastes milk	Venezuela
237	GK	The penny black - worlds first stamp - what was second	Two penny Blue
238	GK	Which country produces Tokay	Hungary
239	GK	Where could you legally flash your dong - then spend it	Vietnam currency
240	GK	The Bald Eagle is Americas bird - What is Britain's	Robin
241	GK	Australian Clement Wragge instituted what	Naming Hurricanes
242	GK	What does Zip stand for in the American Zip Code	Zone Improvement Plan
243	GK	What wood is plywood mostly made from	Birch
244	GK	What is a Hummum	Turkish bath
245	GK	In which sport are left handed people banned from playing	Polo
246	GK	What food was invented in a sanatorium in 1890	Kellogg corn flakesGK	What is a Bellwether	Leader of flock of sheep
247	GK	What was Procul Harem's greatest hit	Whiter shade of pale
248	GK	Percy Shaw invented what in 1934	Cats eyes
249	GK	What animal produces its own sun tan lotion	Hippopotamus
250	GK	What was a Nuremberg egg	Pocket watch or clock
251	GK	What was the name of Isaac Newton's dog - caused fire in lab	Diamond
252	GK	Who was eaten by dogs in the Old Testament	Jezebel
253	GK	In literature who is the alter ego of Percy Blakney	Scarlet Pimpernel
254	GK	Juglans Regia is the real name of what type of nut tree	Walnut
255	GK	What album cover (by the Rolling Stones) had a zip on the side	Sticky Fingers
256	GK	What lives in a holt	An Otter
257	GK	Who is the Patron Saint of dancers and actors	St Vitas
258	GK	What is the worlds tallest grass	Bamboo
259	GK	Who owned the newspaper in Lou Grant - Nancy Marchand	Mrs Pyncheron
260	GK	Who reputedly first said - if in doubt tell the truth	Mark Twain
261	GK	John Richie became famous under what name	Sid Vicious
262	GK	In Greek mythology who rowed the dead across the river Styx	Charon
263	GK	Alfred White was a famous author under which name	James Herriot
264	GK	Which acid was first prepared from distilled red ants	Formic acid
265	GK	Who invented doctor Who	Terry Nation
266	GK	What took place on London's serpentine first time 16 June 1930	Mixed Bathing
267	GK	Which European city was the bride of the sea	Venice
268	GK	Who (not Peter Sellers) played Inspector Clouseau in 1968	Alan Arkin
269	GK	Where could you find the Lutine Bell	Lloyds of London
270	GK	Yabusame is the Japanese version of what sport	Archery
271	GK	Which Dickens novel is considered an autobiography	David Copperfield
272	GK	Dendrologists worship what	Trees
273	GK	What is the national sport of Finland	Motor Rallying
274	GK	Who was Agrippa's son	Nero
275	GK	Peter Goldmak invented what in 1948	LP record
276	GK	Milton lost which sense	Sight
277	GK	What are camel haired brushes made of	Squirrels tails
278	GK	How did the Greek dramatist Aeschalys die	Eagle dropped tortoise on head
279	GK	Playing card - Raymond Shaw trance - Manchurian Candidate	Queen Diamonds
280	GK	Eiffel designed the Eiffel tower - what was his first name	Gustave
281	GK	The Salk vaccine is used against what disease	Polio
282	GK	If you are born between June 23rd and July 23rd what star sign	Cancer
283	GK	An alloy of Iron - Chromium and Nickel makes what	Stainless Steel
284	GK	Who said "Public service is my motto"	Al Capone
285	GK	Drakes Golden Hind was originally called what	The Pelican
286	GK	In what film did Elvis play a Red Indian	Stay away Joe
287	GK	What did the Victorians call servant regulators	Alarm Clocks
288	GK	Which country first used the fountain pen	Egypt
289	GK	What is the more popular name for the Londonderry Air	Danny Boy
290	GK	Freyr was the Norse god of what	Fertility
291	GK	TAP is the national airline of which country	Portugal
292	GK	In which country is the port of Frey Bentos	Uruguay
293	GK	The Koh-i-Nor is a famous diamond - what does the name mean	Mountain of Light
294	GK	A nilometer measures the rise and fall of what	Rivers
295	GK	What was Britain's first colony (annexed in 1583)	NewfoundlandGK	Joseph Lister - first operation antiseptic - 1867 on who?	His sister
296	GK	What was Black Beauties original name?	Darkie
297	GK	Who was the original Peeping Tom looking at?	Lady Godiva
298	GK	What element is present in all organic compounds?	Carbon
299	GK	What was Professor Moriarties first name?	James
300	GK	Who was known as the Little Brown Saint?	Ghandi
301	GK	Who rode a horse called Morengo?	Napoleon at Waterloo
302	GK	A skulk is a group of which animals?	Foxes
303	GK	Who defended World heavyweight title twice on same night in 1906?	Tommy Burns
304	GK	What part of an aircraft is the empennage?	Tail Unit
305	GK	We know who wrote Little Women but who wrote Little Men?	Lousia May Alcott
306	GK	Who was the Goddess of the rainbow?	Iris
307	GK	In European city can you be jailed for not killing furry caterpillars?	Brussels
308	GK	Who was Olive Oyls boyfriend - before Popeye?	Ham Gravy
309	GK	Sienna law forbids women of what name from prostitution?	Maria
310	GK	What do the letters MG stand for on cars?	Morris Garages
311	GK	Who was the first actor to appear on cover of Time magazine?	Charlie Chaplin
312	GK	Polyphemus was the leader of which group of mythical giants?	Cyclops
313	GK	What does a pluviomoter measure?	Rainfall
314	GK	Which game was illegal in Elizabethan England?	Bowls
315	GK	What nationality was Oddjob?	Korean
316	GK	What is a Knout?	Russian flogging whip
317	GK	What language has the most words?	English
318	GK	Which film star used to be a circus acrobat?	Burt Lancaster
319	GK	The comma bacillus causes what disease?	Cholera
320	GK	Which country invented Venetian Blinds?	Japan
321	GK	What is a quadriga?	Roman 4 horse chariot
322	GK	What is a brickfielder?	Hot SE Aussie wind
323	GK	Pupik means belly button in what language?	Yiddish
324	GK	What is the main ingredient in Borsch?	Beetroot
325	GK	What was the name of Dr Dolittleâ€™s Parrot?	Polynesia
326	GK	What was the name of William Tells son (the apple head boy)?	Walter
327	GK	Laika was the first ever dog to do what?	Go into space
328	GK	Where could you spend a Markka?	Finland
329	GK	What links a bick, throat, half swage, punching hole?	Anvil
330	GK	The Fagus is the Latin name of what type of tree?	Beech
331	GK	If you have Chlorosis what colour does the skin go?	Green
332	GK	The French say Bis - what word do the English use?	Encore
333	GK	Of what are Karakul, Texel, Romney Marsh types?	Sheep
334	GK	What is biltong?	Dried meat
335	GK	What type of fish is Scomber Scombrus?	Mackerel
336	GK	What are brick, fontina, port salut, quargel types of?	Cheese
337	GK	In which country did the turnip originate?	Greece
338	GK	Tchaikovsky died of which disease?	Cholera
339	GK	Sam Barraclough owned which film star?	Lassie
340	GK	Which animals can live longest without water?	Rats
341	GK	Captain Hanson Gregory Crockett created what void in 1847?	Hole in Doughnuts
342	GK	Kaka means parrot in which language?	Maori
343	GK	Who wrote A Town Like Alice?	Nevil Shute
344	GK	Which fruit contains the most protein?	AvocadoGK	Ignatius Loyola founded which organisation?	Jesuits
345	GK	Which 16th century Italian wrote The Prince?	Machiavelli
346	GK	A meander bend in a river, named from river meander - where?	Turkey
347	GK	Who tells the story in The Arabian Nights?	Sheherazade
348	GK	Alfred Jingle appears in which Dickens novel?	The Pickwick Papers
349	GK	Vaselina and Brillantino were alternate names which film?	Grease
350	GK	Chaplin ate a boot in the Gold Rush - what was it made of?	Liquorice
351	GK	Phoebe Anne Mozee better known as who?	Annie Oakley
352	GK	What is the tenth letter of the Greek alphabet?	Kappa
353	GK	If you were misocapnic what do you hate?	Tobacco Smoke
354	GK	In sailing ship days who often acted as the ships doctor?	Cook
355	GK	An isoneph on a map joins places of equal what?	Average Cloud Cover
356	GK	Bumper Harris - wooden leg - what Job on London Underground?	Ride new escalators
357	GK	Who is Ivanhoe's wife?	Rowena
358	GK	The Lent Lilly has a more common name - what?	Daffodil
359	GK	What would you be if you were a coryphÃ©e?	Ballet Dancer
360	GK	Whose last words were - "Clito I owe a cock to Asclepius"?	Socrates
361	GK	What does the German word Panzer literally mean?	Armour
362	GK	What is Frances longest river?	Loire
363	GK	In which month is the Munich beer festival held?	October
364	GK	What was the name of Norse God Thor's hammer?	Mjolnir
365	GK	Who ordered John the Baptists execution?	King Herod
366	GK	What was Walt Disney's first cartoon character?	Oswald the Rabbit
367	GK	What medication discovered in 1928 but introduced 1940?	Penicillin
368	GK	Who wrote Beau Geste?	P C Wren
369	GK	Prophesied the Chalus the Greek - Die on day - did of what?	Laughing
370	GK	Who is Aladdin's father?	Mustapha the tailor
371	GK	What American state is the Badger state?	Wisconsin
372	GK	Why was Fred Lorz disqualified 1904 Olympic marathon?	Hitched a lift
373	GK	In China what colour does the bride traditionally wear?	Red
374	GK	A muster is a group of which birds?	Peacocks
375	GK	Bohea is a type of what?	Tea
376	GK	In which country were antibiotics first used?	Egypt
377	GK	Which country grew the first Orange?	China
378	GK	Gossima was the original name of what game?	Table Tennis
379	GK	Wild marjoram is also known as what?	Oregano
380	GK	What was the name of Roses monkey in Friends?	Marcel
381	GK	Horse brasses - on dreyhorses - originally what purpose?	Charms - ward off evil
382	GK	Alfred Hitchcock admitted to being terrified of what?	Policeman
383	GK	What was the name of Sancho Panza's donkey?	Dapple
384	GK	What is Steganography?	Invisible ink writing
385	GK	An Albert chain is usually attached to what?	Watch
386	GK	An unkindness is a group of what birds?	Ravens
387	GK	A fellmonger deals in what items?	Animal skins
388	GK	What colour habit do Franciscan monks wear?	Grey
389	GK	Nenen-Kona is sold in Russia - what do we call it?	Pepsi-Cola
390	GK	Hugh Lofting created which famous character?	Doctor Dolittle
391	GK	What was the name of Russian bear mascot 1980 Olympics?	Mischa
392	GK	What ingredient must French ice cream contain by law?	Eggs
393	GK	A kindle is the name for a group of what young animals?	KittensGK	What is the commonest symbol on flags of the world?	Star
394	GK	Which country is alphabetically last?	Zimbabwe
395	GK	Smiths Bon-Bons changed their name to what after 1840?	Christmas Crackers
396	GK	Minerva is the Goddess of what?	Wisdom
397	GK	What type of animal is a jennet?	Small Spanish horse
398	GK	If you were crapulous what would you be?	Drunk
399	GK	Where would you Wedel?	Ski slope
400	GK	What is the correct name for a baby otter?	Kitten
401	GK	What colour is the gemstone peridot?	Green
402	GK	Sanskrit is an old language - what does the word mean?	Perfected
403	GK	In which country do they play houlani - type of hockey?	Turkey
404	GK	What does the name Tabitha mean?	Gazelle
405	GK	With what is spangy played?	Marbles
406	GK	Where did Spam get its name?	Spiced Ham
407	GK	The Pogues took their name from Pogue Mahone - what mean?	Kiss my arse
408	GK	What comes after the year of the snake - Chinese calendar?	Horse
409	GK	Mosi-oa-Tunya - Smoke that Thunders - what natural feature?	Victoria falls
410	GK	One person every 6 seconds dies from what?	Contaminated water diseases
411	GK	Approximately 40 million of what are consumed each year?	Bananas
412	GK	What is the worlds largest rodent?	Capybara
413	GK	Which winter game is known as the roaring game?	Curling
414	GK	The first known what happened in Wisconsin 1878?	Organised motor race
415	GK	Which 2 countries will host the 2002 Soccer World Cup finals?	Japan - South Korea
416	GK	In 1935 Charlton C McGee invented what in the USA?	Parking Meter
417	GK	Which French philosopher created analytical geometry?	Rene Decartes
418	GK	The length of what is approximately 1/10th circumference of earth?	Great wall of China
419	GK	What was the world's first computer bug in 1946?	A moth
420	GK	What does a polythesistic person believe in?	Many Gods
421	GK	Who founded the Greek theatre?	Thespis
422	GK	Maria Magdelana Von Losch Beyyer know as who?	Marlene Dietrich
423	GK	If you suffered from tantartism what would you be doing?	Dancing Mania
424	GK	Which literary prize started in 1968?	Booker McConnell
425	GK	What links Fitzroy, Essenden, Collingswood and Carlton?	Aussie rules football teams
426	GK	What countries people spend most private money on recreation?	Taiwan's
427	GK	What links The Reivers, Grapes of Wrath, Humboldtâ€™s Gift?	Pulitzer Prize winners
428	GK	USA has most airports which country has second most?	Australia
429	GK	In 1829 Walter Hunt invented what common item?	Safety Pin
430	GK	Fredrick Sanger discovered which medical life saver?	Insulin
431	GK	Who invented punched cards used in early computing 1880s?	Herman Hollerith
432	GK	Why did Roselin Franklin (pre discovered dna helix) no Nobel?	She was dead
433	GK	What is a Dwarf Goby?	Worlds smallest true fish
434	GK	What types can be saddle, plane or pivotal?	Body Joints
435	GK	1500 paces was what Roman measurement?	League
436	GK	Denis Gabor of Hungary 1971 Nobel prize for what invention?	Holograms
437	GK	Who gave the UN the land in NY to build their HQ?	John D Rockerfeller
438	GK	In 1779 Abraham Darby built the worlds first what?	Metal Bridge
439	GK	What is the worlds oldest monotheistic religion?	Judaism
440	GK	An aubade or alborda is a song - but what type?	Mourning
441	GK	What sport links Castle Cup, Red Stripe Cup, Ranji Trophy?	Cricket
442	GK	What countries leader does not have an official residence?	CubaGK	What dinosaurs name translates as roof lizard?	Stegosaurus
443	GK	In which country did Turkeys originate?	USA
444	GK	What is Radar from MASH home town?	Ottumwa - Iowa
445	GK	In Macbeth what witch speaks first?	The first witch
446	GK	What fabled monster has a lions head and a serpents tail?	Chimera
447	GK	CH car international registration plate which country?	Switzerland
448	GK	Who said - Give us the tools and we will finish the job Feb 1941?	Winston Churchill
449	GK	In The Marriage of Figaro - who did Figaro marry?	Sussanah
450	GK	What state was founded by Mohammed Ali Jinnah?	Pakistan
451	GK	What nationality are the most immigrants to the USA?	Mexican
452	GK	Who steals the Pink Panther in the original film?	The Phantom
453	GK	What is Challa?	Bread - often plaited
454	GK	Cher Ami saved the Lost Battalion in 1918 what was it?	Pigeon
455	GK	Whose girlfriend was Virginia Hill - he killed her B Hills 1947?	Bugsy Siegel
456	GK	What is the oldest known alcoholic beverage?	Mead
457	GK	In 1986 Graceland was the Grammy album of the year â€“ whoâ€™s?	Paul Simon
458	GK	Bob Cummings played which character (both names)?	Maxwell Smart
459	GK	Complete advertising phrase from 1935 My Goodness?	My Guinness
460	GK	Who said - "The bigger they come the harder they fall" 1899?	Bob Fitzsimmons
461	GK	What is Lolita's surname in Vladimere Nabokovs novel?	Haze
462	GK	From what country does the Elkhound originate?	Norway
463	GK	An isohel on a map joins place of equal what?	Sunshine
464	GK	A Regatta is a boat races - where was the original Regatta?	Venice
465	GK	In England what would you buy or get at a Mop Fair?	Servants for Hire
466	GK	Who was the little gentleman in velvet - death William III?	A Mole
467	GK	From what country does soave wine originally come?	Italy
468	GK	Antipater of Sidon first listed what 2nd Century AD?	7 Wonders World
469	GK	What are Limerick, Round Bend, Aberdeen and Octopus?	Fishing Hooks
470	GK	What fluid ran through the Greek Gods instead of blood?	Ichor
471	GK	Who is Oscar, Zoroaster, Phadrig, Isaac, Norman,Henkle, Emmanual, Ambrose Diggs?	Wizard of Oz
472	GK	The Marie Celeste sailed from which port?	New York
473	GK	In Milton's Paradise Lost what was the lowest point of Hell?	Pandemonium
474	GK	Pat Reid wrote which book - filmed and TV often?	The Colditz Story
475	GK	How was William Huskinson killed in 1830 - first ever?	Run over by Train
476	GK	In which country is Zug?	Switzerland
477	GK	Who was captured and kept in a cage by Stromboli?	Pinocchio
478	GK	Which USA record producer played maracas Stones 1st album?	Phil Spector
479	GK	Who was nicknamed The Brocton Bomber?	Rocky Marciano
480	GK	Name the Hotel in Arthur Haley's novel / film of same name?	St Gregory
481	GK	Frank and Jesse James father had what job?	Minister
482	GK	What was the Grammy album of the year in 1967 (Full name)?	Beatles Sergeant Peppers
483	GK	McLean Stevenson played which character in MASH?	Colonel Blake
484	GK	Which company slogan was "We're No 2 We try harder"?	Avis rent a car
485	GK	Who said the quickest way of ending a war is to lose it?	George Orwell
486	GK	5 items a Sikh must have Comb Dagger Hair Metal Bracelet and?	Knee length undershorts
487	GK	Edward Teach became famous as who?	Blackbeard the Pirate
488	GK	To which dog was a statue erected in Edinburgh?	Greyfriers Bobby
489	GK	What does a Puissance event test in showjumping?	High Jump wall
490	GK	Who wrote the music to the film The Odessa File?	Andrew Lloyd Webber
491	GK	Which Dickens novel features Waxford Squears?	Nicholas NicklebyGK	What is unusual about the nobody crab?	Transparent
492	GK	Collective nouns - what group af animals are a labour?	Moles
493	GK	Durbarry is cream of a vegetable soup - what one?	Cauliflower
494	GK	What is the Australian name for a long narrow ox bow lake?	Billabong
495	GK	Les Reed wrote which famous song for a Welsh singer?	Its not Unusual
496	GK	What does hours d'oeurve literally mean?	Out of course hence Extra Dish
497	GK	Nossa Senhora da Aparecida is the Patron Saint which country?	Brazil
498	GK	What airline used to be called Dobrolet?	Aeroflot
499	GK	The Acropolis - what does the word literally mean?	Highest point
500	GK	What is a Dolly Varden?	Large Hat
501	GK	Whose last words were - "That was the best soda I ever tasted"?	Lou Costello
502	GK	What is the common name for the astyeroidea?	Starfish
503	GK	Jonquil is a shade of what colour?	Yellow
504	GK	Vincent Furnier is better known as who?	Alice Cooper
505	GK	If you were severed a dish 'belle h'elen what fruit would it be?	Pears
506	GK	Terrance Nelhams became better knows as who?	Adam Faith
507	GK	Dick Turpin the highwayman served and apprenticeship as what?	Butcher
508	GK	What is the main food of the Oyster catcher bird?	Mussels
509	GK	In which cop show did Petrie and Isbecki appear?	Cagney and Lacey
510	GK	In the Bolshoi ballet what does the word Bolshoi mean?	Big
511	GK	Which acid gives nettles their sting?	Formic acid
512	GK	In the Hindu religion what is a Mandir?	Temple
513	GK	Which wine grape variety is most planted in California?	Chardonnay
514	GK	A paddling is a group of which animals?	Ducks
515	GK	From what country does the dish skordalia come?	Greece
516	GK	What is a geoduck?	Clam
517	GK	What is Sean Connery's real first name?	Thomas
518	GK	What nationally was Mata Hari shot as a spy?	Dutch
519	GK	Who said - Toe err is human - But it feels divine?	Mae West
520	GK	Names - Baker - Cook Smith easy - what did a Chandler do?	Make Candles
521	GK	Declan McManus became famous as who?	Elvis Costello
522	GK	Robert Fitzroy captained which famous ship?	The Beagle
523	GK	Who said "I have no problems with drugs - only policemen"?	Keith Richard
524	GK	Which American city was named after a British Prime Minister?	Pittsburgh
525	GK	Spelling counts - what is the singular of scampi?	Scampo
526	GK	What plant was named after the Greek goddess of the rainbow?	Iris
527	GK	Which sailor dreamed of Toasted Cheese in Treasure Island?	Ben Gunn
528	GK	Who played the girl on the motorcycle in a film of same name?	Marianne Faithful
529	GK	What writer was paid $5 for writing thanks?	Rudyard Kipling
530	GK	What sort of animal is a fennec?	Desert Fox
531	GK	Vermicelli pasta literally translates as what?	Little worms
532	GK	Ernest Hemmingway, Oscar Wilde, Ranier Maria Rilke - Common?	Mothers made them Crossdress
533	GK	What foodwise is a Fieldlane Duck?	Baked Sheep's Head
534	GK	When does a Bride walk up the Aisle?	Never
535	GK	How did Marc Quinquadron die while setting a new world record?	Food Poisoning
536	GK	Why two car thieves caught trying to sell stolen car in 1976?	Tried to sell to owner
537	GK	Billie Holiday, James Dean, Eva Peron, Janis Joplin - Common?	All were Prostitutes
538	GK	What subject Ben Franklins letter to Royal Academy - Brussels?	Perfuming Farts
539	GK	Reginald Carey became famous as who?	Rex Harrison
540	GK	What is a Chorizo?	Spicy SausageGK	Which flying pioneer was nicknamed the lone eagle?	Charles Lindbergh
541	GK	Horse statue - mounted man - on two legs - how man die?	Killed in Battle
542	GK	Which American state produces the most potatoes?	Idaho
543	GK	Who wrote Dr Zhivago?	Boris Pasternak
544	GK	Who is Charlie Browns favourite baseball player (fictional)?	Joe Shlabotnik
545	GK	Emerald is the birth stone for which month?	May
546	GK	Whose yacht was called Honey Fitz?	John Fitzgerald Kennedy
547	GK	What is the white trail behind a jet plane made from?	Ice Crystals
548	GK	What Italian habit did Thomas Coyrat introduce to England 1608?	Eating with forks
549	GK	Purl Plain Fisherman's Cable types of what?	Knitting stitches
550	GK	Why was Mary Mallen locked up from 1915 to 1938?	Typhoid Mary
551	GK	If you were doing vaccimulgence what doing?	Milking a cow
552	GK	For what purpose was the chow chow dog originally bred?	As food or Chow
553	GK	What kind of fruit is a kumquat?	Small Orange
554	GK	Who was the Greek goddess of love?	Aphrodite
555	GK	What first appeared in New York World 21st December 1913?	Crossword
556	GK	Which group of animals are called a cete?	Badgers
557	GK	Which herb did the Romans eat top prevent drunkenness?	Parsley
558	GK	What is the original literal meaning of the word bride?	To cook
559	GK	Who ran the first marathon?	Phidipedes
560	GK	What is the only creature that can turn its stomach inside out?	Starfish
561	GK	What is Milan's opera house called?	La Scala
562	GK	What is the oldest most widely used drug on earth?	Alcohol
563	GK	What type of animal is a Samoyed?	Dog
564	GK	In which country did draughts (checkers) originate?	Egypt
565	GK	Shane Fenton became famous as who?	Alvin Stardust
566	GK	What is the worlds most popular green vegetable?	Lettuce
567	GK	What does a racoon do before eating its food?	Washes it in water
568	GK	What other name is used for the snow leopard?	Ounce
569	GK	Which drink did Bach enjoy so much he wrote a cantata for it?	Coffee
570	GK	Who invented the first safety razor in 1895?	King Camp Gillette
571	GK	What nationality is Thor Heyerdahl?	Norwegian
572	GK	What 3 ingredients make a sidecar cocktail?	Brandy Cointreau Lemon juice
573	GK	A spunder or drift is the name for a group of what animals?	Swine
574	GK	What is Erse?	Irish Gaelic language
575	GK	On oometer measures what?	Birds Eggs
576	GK	What did table tennis balls used to be made from?	Cork
577	GK	If you had variola what disease have you got?	Smallpox
578	GK	Which playing card is called the Curse of Scotland?	Nine of Diamonds
579	GK	Which painter did Hans van Meegeren most fake?	Vermeer
580	GK	Which country had the first women MPs 19 in 1907?	Finland
581	GK	In 1969 what category was added to the Nobel prizes?	Economics
582	GK	In which city was Bob Hope born?	London (Eltham)
583	GK	In the human body where is your occiput?	Back of head
584	GK	Who wrote the Star Spangled Banner?	Francis Scott-key
585	GK	Which food did Victorians deride as little bags of mystery?	Sausages
586	GK	Which actor was dubbed the muscles from Brussels?	Jean Claude Van Dam
587	GK	Which film star was the first to appear on a postage stamp?	Grace Kelly
588	GK	What would you expect to find in a binnacle?	Ships compass
589	GK	Which Hollywood star has made the cover of Life most times?	Elizabeth TaylorGK	Carl and the Passions changed band name to what?	Beach Boys
590	GK	How many rings on the Olympic flag?	Five
591	GK	What colour is vermilion a shade of?	Red
592	GK	King Zog ruled which country?	Albania
593	GK	What colour is Spock's blood?	Green
594	GK	Where in your body is your patella?	Knee
595	GK	Where can you find London bridge today?	USA
596	GK	What spirit is mixed with ginger beer in a Moscow mule?	Vodka
597	GK	Who was the first man in space?	Yuri Gagarin
598	GK	What would you do with a Yashmak?	Wear it
599	GK	Who betrayed Jesus to the Romans?	Judas Escariot
600	GK	Which mammal lays eggs?	Duck billed platypus
601	GK	On television what was Flipper?	Dolphin
602	GK	Whose band was The Quarrymen?	John Lenon
603	GK	Which was the most successful Grand National horse?	Red Rum
604	GK	Who starred as the Six Million Dollar Man?	Lee Majors
605	GK	In the song Waltzing Matilda - What is a Jumbuck?	Sheep
606	GK	Who was Dan Dare's greatest enemy in the Eagle Mekon
607	GK	What is Dick Grayson better known as?	Robin
608	GK	What was given on the fourth day of Christmas?	Calling birds
609	GK	What was Skippy ( on TV )?	The bush kangaroo
610	GK	What does a funambulist do?	Tightrope walker
611	GK	What is the name of Dennis the Menace's dog?	Gnasher
612	GK	What are bactrians and dromedaries?	Camels
613	GK	Who played The Fugitive?	David Jason
614	GK	Who was the King of Swing?	Benny Goodman
615	GK	Who was the first man to fly across the channel?	Louis Bleriot
616	GK	Who starred as Rocky Balboa?	Sylvester Stallone
617	GK	In which war was the charge of the Light Brigade?	Crimean
618	GK	Who invented the television?	John Logie Baird
619	GK	Who would use a mashie niblick?	Golfer
620	GK	In the song who killed Cock Robin?	Sparrow
621	GK	What do deciduous trees do?	Lose their leaves in winter
622	GK	In golf what name is given to the No 3 wood?	Spoon
623	GK	If you has caries who would you consult?	Dentist
624	GK	What other name is Mellorâ€™s famously known by?	Lady Chatterlys Lover
625	GK	What did Jack Horner pull from his pie?	Plum
626	GK	How many feet in a fathom?	Six
627	GK	which film had song Springtime for Hitler?	The Producers
628	GK	Name the legless fighter pilot of ww2?	Douglas Bader
629	GK	What was the name of inn in Treasure Island?	Admiral Benbow
630	GK	What was Erich Weiss better known as?	Harry Houdini
631	GK	Who sailed in the Nina - Pinta and Santa Maria?	Christopher Columbus
632	GK	Which leader died in St Helena?	Napoleon Bonaparte
633	GK	Who wrote Gone with the Wind?	Margaret Mitchell
634	GK	What does ring a ring a roses refer to?	The Black Death
635	GK	Whose nose grew when he told a lie?	Pinocchio
636	GK	Who has won the most Oscars?	Walt Disney
637	GK	What would a Scotsman do with a spurtle?	Eat porridge
638	GK	Which award has the words for valour on it?	Victoria CrossGK	Which writer coined the word Cyberspace in 1984?	William Gibson
639	GK	Demeter was the Greek god of what (Ceres Roman)?	Harvest
640	GK	What film won the 1943 Oscar as best film?	Casablanca
641	GK	What do ungulate animals alone have?	Hooves
642	GK	Dr Ludwig L Zamenhof invented what 1887 Poland?	Esperanto
643	GK	Who wrote The Picture of Dorian Grey in 1891?	Oscar Wilde
644	GK	Who composed The Planets suit (both names)?	Gustav Holst
645	GK	What links Doric, Ionic, Tuscan, Corinthian and Composite?	Classical Architecture
646	GK	What is phonetic alphabet word for U?	Uniform
647	GK	Why were women barred from original Olympic Games?	Male entries nude
648	GK	In which USA state is Churchill Downs racetrack?	Louisville Kentucky
649	GK	In 1867 Lucian B Smith invented what restraint?	Barbed Wire
650	GK	In 1961 which Henry Mancini record won Grammy record of year?	Moon River
651	GK	What links Willie Brant, Lech Walesa, Yasser Arafat?	Nobel Peace Prize
652	GK	Which countries government spends most in social security %?	Uruguay
653	GK	Archaeopteryx was the first what?	Bird
654	GK	In 1810 in England Peter Durand invented what?	Tin can
655	GK	Who was offered the presidency of Israel in 1952 (turned down)?	Albert Einstein
656	GK	What is the oldest known infectious disease?	Leprosy
657	GK	A JPEG is a picture file format - what does JPEG stand for?	Joint Photographic Experts Group
658	GK	What is the worlds largest sea (in area)?	South China
659	GK	Which islands wildlife is 90% unique?	Madagascar
660	GK	What are truffles - highly prized as food?	Fungi
661	GK	Which Game is Played 15 a side and scores 3 or 1 points?	Gaelic Football
662	GK	What was invented in 1855 45 years later than it was needed?	Can Opener
663	GK	What links Sissinnius, Zosimus, Liberius, Sergius V1,Victor II?	Popes
664	GK	What is the world largest seed?	Coco-de-mare palm
665	GK	Bristlemouths are the worlds most common what?	Fish
666	GK	What swims at 1/8 inch an hour?	Sperm
667	GK	Trypanophobia is fear of what?	Inoculations
668	GK	Chogori is better know by what boring name?	K2
669	GK	Colonel Jacob Schick invented what in 1928 in USA?	Electric Razor
670	GK	What links Duke Wellington, Earl Derby, Marquis Salisbury?	UK Prime Ministers
671	GK	In 1996 which Celine Dion album Grammy album of year?	Falling into You
672	GK	What weight is the lightest in Amateur Boxing?	Light Flyweight
673	GK	Which country has the worlds biggest (on land) National Park?	Canada
674	GK	What language speakers were shot Russia and Germany 1930s?	Esperanto
675	GK	Ronald Ross campaigned for the destruction of what?	Mosquitoes
676	GK	Who won two Nobel prizes in different fields?	Marie Curie
677	GK	Name 3rd cent BC Greek mathematician wrote The Elements?	Euclid
678	GK	Evidence of what alternative treatment found in 5300 mummy?	Acupuncture
679	GK	North Fork Roe River - worlds shortest - which US state?	Montana
680	GK	In 1879 James Ritty invented what?	Cash Register
681	GK	Who wrote the novel Tom Jones in 1749?	Henry Fielding
682	GK	What links Millionaires, Metropolitans, Black Hawks, Silver seven?	Ice Hockey
683	GK	What country - largest earthquake of 20th cent 8.6 Richter 1906?	Colombia
684	GK	The okapi belongs to what family of animals?	Giraffe
685	GK	Dimitri Mendeleyev is credited with the discover of what?	Periodic Table
686	GK	What feature of a triangle makes it scalene?	Different side lengths
687	GK	Taphophobia is fear of what?	Buried AliveGK	In the Chinese New Year what year follows Rat?	Ox
688	GK	Genuphobia is the fear of what?	Knees
689	GK	Percy LeBaron Spencer invented what in 1945 in USA?	Microwave Oven
690	GK	St Peter was the first Pope - Who was second?	St Linus
691	GK	What 1945 film won best picture, actor, director Oscars?	The Lost Weekend
692	GK	What is the literal translation of pot-pouri?	Putrid Pot
693	GK	Who did James Bond marry - character - (both names)?	Theresa Draco
694	GK	What is studied in the science of somatology?	The Body
695	GK	What was Hugh Hefner's jet plane called?	Big Bunny
696	GK	What profession did Handel originally study?	The Law
697	GK	What European nation was the first to drink tea?	The Dutch
698	GK	Beaufort - the wind scale man - had what job?	Sailor
699	GK	What bird is the symbol of Penguin books (children's section)?	Puffin
700	GK	Diane Leather was the first woman to do what?	Sub 5 minute mile
701	GK	What is Admiral Sir Miles Messervy usually known as?	M
702	GK	Which part of the body is most sensitive to radiation?	The Blood
703	GK	What film made 58 times - cartoon, porrno, operatic, ballet?	Cinderella
704	GK	Mr Chips said goodbye from Brookfield school - What subject?	Latin
705	GK	In which American city can you get doctorate in hambugerology?	Hamburger College
706	GK	Which author created The Saint (both names)?	Leslie Charteris
707	GK	What is sericulture?	Growing Silkworms
708	GK	What was Edisonâ€™s first practical invention?	Tick a Tape for stockmarket
709	GK	Frigophobia fear of what?	Being Cold
710	GK	Which company invented the transistor radio in 1952?	Sony
711	GK	Who is the only solo performer to win Euro song twice?	Johnny Logan
712	GK	Franz Liszt was the farther in law of what composer?	Richard Wagner
713	GK	In what town was Leonardo Da Vinci born?	Vinci
714	GK	Who directed the Halloween series of films?	John Carpenter
715	GK	What metal impurity makes rubies red and emeralds green?	Chromium
716	GK	Helen Mitchell became famous as what soprano?	Nellie Melba
717	GK	Robert Whithead invented what weapon in 1866?	Torpedo
718	GK	Zymase and Glucose combine to form what drug?	Alcohol
719	GK	Translated literally what does television mean?	Far Seeing
720	GK	Not as soups what have gazpacho - vichyssoise in common?	Served Cold
721	GK	Who was the Greek goddess of retribution?	Nemesis
722	GK	47 people worked on a committee to produce what work?	Authorised version of Bible
723	GK	What book was made into the first feature length British cartoon?	Animal Farm in 1954
724	GK	Who first said "Publish and be Damned"?	Wellington re Harriot Wilson mistress
725	GK	Edwin Drake sank the first of them in 1859 - what were they?	Oil Wells
726	GK	Calico cloth was invented in which country?	India
727	GK	What is dittology?	Double meaning
728	GK	Who played Pink in the movie The Wall?	Bob Geldorf
729	GK	Rhabdophobia fear of what?	Being Beaten
730	GK	Dr C W Long was the first to use what (anaesthetic) in 1842?	Ether
731	GK	Hey Big Spender comes from what musical?	Sweet Charity
732	GK	Jamie Farr played what role in MASH?	Corporal Clinger
733	GK	Whets the correct name for golf club called Texas Wedge?	Putter
734	GK	Whose nickname was slowhand (both names)?	Eric Clapton
735	GK	Which country invented the mariners compass?	China
736	GK	What countries international car registration letters are DZ?	AlgeriaGK	The name Malissa means what?	Bee
737	GK	What was Acadia?	Nova Scotia
738	GK	Dragoon, Antwerp, Poulter, Tumbler, Horseman types of what?	Pigeon
739	GK	What was the first frozen food available in Britain in 1937?	Asparagus
740	GK	If you suffer from cynanthropy what do you think you are?	Dog
741	GK	What is the phonetic alphabet word for letter P?	Papa
742	GK	What is a runcible spoon?	A broad Pickle fork
743	GK	The artist Abbott Thayer's developed what for military use?	Camouflage colours
744	GK	What did Francis Bacon call The Purest of Pleasures?	The Garden
745	GK	What is the largest single known gold object in the world?	Tutankhamens Coffin
746	GK	Madame Pauline de Vere first female circus performer - do what?	Head in Lions Mouth
747	GK	How was Alexander the Greats body preserved?	In large jar of honey
748	GK	Californian law no shooting any animal - moving car except what?	Whale
749	GK	Peter Falk plays Lt Colombo but who was first offered role?	Bing Crosby
750	GK	What type of birds (Hugin + Munin) sit on the shoulders of Odin?	Ravens
751	GK	Where are you most likely to have a serious accident?	In your home
752	GK	Melvin R Bissell invented what in 1876 in the USA?	Carpet Sweeper
753	GK	Peniaphobia fear of what?	Being Penniless
754	GK	About which game has most books been written?	Chess
755	GK	Albert De Salvo was better known as who?	The Boston Strangler
756	GK	What was the last European nation to accept the potato?	France
757	GK	Students at Cambridge - no dogs - what Lord Byron keep?	Bear
758	GK	King Mongut had aprox 9000 wife's/concubines what country?	Siam
759	GK	Only approx one third worlds population uses what regularly?	Fork
760	GK	William Tayton was the first man to do what?	Appear on TV
761	GK	Clemintina Campbell famous as who?	Cleo Lane
762	GK	What should you give after 15 years of marriage?	Crystal
763	GK	What is a Charollais?	Type of Cattle
764	GK	What place is called Rapa-nui by its native inhabitants?	Easter Island
765	GK	Where was/is the original Penthouse?	In a Real Tennis Court
766	GK	What pop group took their name from a Herman Hess novel?	Steppenwolff
767	GK	How often does a Hebdomadal Council meet?	Weekly
768	GK	What was unusual about Tyrell's car in the 1976 Spanish G Prix?	Six Wheels
769	GK	In what country is the Eucumbene Dam?	Australia
770	GK	Males outnumber females by 5 to 1 in what addiction?	Alcoholism
771	GK	For what would an Edgar be awarded or won?	Mystery Writing
772	GK	What are salopettes?	Snow proof Dungaree trousers
773	GK	Which society cared - plague victims when physicians left 1665?	Apothecaries
774	GK	Domenikos Theotocopoulos born Crete - died Spain - who?	El Greco
775	GK	What nation on average takes most time to eat meals?	French
776	GK	Dr F Lanchester invented what motor safety aid in 1902?	Disc Brakes
777	GK	Halophobia fear of what?	Speaking
778	GK	Arthur Jefferson better known as who?	Stan Laurel
779	GK	Why is the city La Paz in Bolivia safe from fire?	Too high
780	GK	What is the national drink of Yugoslavia?	Slivovitz
781	GK	Agnes the girls name means what?	Chaste
782	GK	What were the wicks in the Vestal Virgins lamps made from?	Asbestos
783	GK	Who is the Patron Saint of France?	St Denis
784	GK	What are you supposed to give/get for 40 years of marriage?	Ruby
785	GK	What is the Roman Numeral for 1000?	MGK	What fashion did General Ambrose Burnside start in Civil War?	Sideburns
786	GK	In what village do Tom Sawer and Huckleberry Finn live?	St Petersburg
787	GK	What Opera's story is about a female cigar factory worker?	Carmen
788	GK	E is the international car registration plate for which country?	Spain
789	GK	USA has most roads what country has second most?	India
790	GK	In the Chinese calendar what year follows Monkey?	Chicken
791	GK	What river flows through 8 countries and four capitols?	Danube
792	GK	What does the word Desert (from Latin desertus) translate as?	Abandoned
793	GK	In 1848 The London Daily News carried the worlds fist what?	Weather report
794	GK	What is a Kakapoo?	Nocturnal New Zealand Parrot
795	GK	Part of the human body can expand 20 times its normal size?	Stomach
796	GK	In the 1920s Dr Ida Rolf developed Rolfing as what alt therapy?	Deep Massage
797	GK	Which dinosaurs name translated as speedy predator?	Velociraptor
798	GK	Price one kilo went from $63 to $260 in 1976 when sale illegal?	Ivory
799	GK	The island of Yap has the worlds largest what?	Coins
800	GK	Which tennis player was sued by his fan club?	Jimmy Connors
801	GK	What animal - faster horse - longer no h20 camel - see behind?	Giraffe
802	GK	What is a chemically castrated cock called?	Capon
803	GK	Nessus killed Hercules - What was Nessus?	Centaur
804	GK	Eva Shain was the first woman to do what?	Judge pro heavy boxing Match
805	GK	Ben Franklin invented it - Britain tried it in 1916 - What?	Daylight saving Time
806	GK	In which country is Mount Aspiring National Park?	New Zealand
807	GK	Alfred Wallace coined which phrase - Wrongly given to Darwin?	Survival of the Fittest
808	GK	Who won the first Nobel prize for Physics in 1901 - gave away?	Wilhelm Roentgen
809	GK	What countries days include Fire day, Water day and wood day?	Japan Tue Wed Thu
810	GK	What city has the longest metro system?	London
811	GK	Yoga (the meditation) is a Sanskrit word meaning what?	Union
812	GK	What was invented 1903 - patented 1906 G C Beilder?	Photocopier
813	GK	Which SF author invented the idea of the com Satellite?	Arthur C Clark
814	GK	What country consumes the most coal each year?	China
815	GK	What was Hebe the goddess of?	Youth
816	GK	What are a Galliard, Sarabande, Morisca and Courente?	Dance Types
817	GK	Who composed the overture Hebrides (Fingals cave) two names?	Felix Mendelssohn
818	GK	Tanjong Panger Container Terminal where worlds largest con port?	Singapore
819	GK	What would an anemometer measure?	Wind Speed
820	GK	In Britain pool and snooker players call it side - what USA name?	English
821	GK	What form modern sculpture invented Calder named Dechamp?	The Mobile
822	GK	What book featured Topsy who growed?	Uncle Toms Cabin
823	GK	Where - accident 1953 - motor sport killed 83 spectators?	Le Mans
824	GK	James Outram invented what?	Tramways
825	GK	If you were eating calemare - what are you snacking on?	Squid
826	GK	Which women injured riding, eloped with a poet, dog called Flash?	Elizabeth Barret Browning
827	GK	The Bermuda Bowl is world championship in which game?	Bridge
828	GK	ROK international car registrations which country?	Korea
829	GK	USA has most cars what country has second most?	Japan
830	GK	All Sikhs must possess five things - one is a Kangha - what is it?	Comb
831	GK	What colour graded slope do expert skiers use?	Black
832	GK	Randy Newman said short people donâ€™t have what?	Reason to Live
833	GK	To which gentleman's club did Phineas Fogg belong?	The Reform
834	GK	Whatâ€™s the only alt therapy fully recognised Western medicine?	OsteopathyGK	If you had pogonophobia what would you be afraid of?	Beards
835	GK	Who would take silk as part of their job?	Barrister
836	GK	Who won an Oscar for the African Queen?	Bogart
837	GK	Who sang the theme song in 9 to 5?	Dolly Parton
838	GK	What in business terms is the IMF?	International Monetary Fund
839	GK	Ringo Star narrates which children's TV series?	Thomas the tank engine
840	GK	Which country grows the most fruit?	China
841	GK	Which company is owned by Bill Gates?	Microsoft
842	GK	What would you do with a maris piper?	Eat it - itâ€™s a potato
843	GK	In Casablanca what is the name of the nightclub?	Rick's
844	GK	What was the first James Bond book?	Casino Royale
845	GK	What kind of animal is a lurcher?	Dog
846	GK	What is the currency of Austria?	Schilling
847	GK	What is the Islamic equal to the red cross?	Red Crescent
848	GK	In fable who sold a cow for five beans?	Jack
849	GK	How did Alfred Nobel make his money?	He invented Dynamite
850	GK	Who was the first man to run a sub four minute mile?	Roger Bannister
851	GK	What are Munroes?	Mountains in Scotland
852	GK	Which car company makes the Celica?	Toyota
853	GK	Air Lingus is the national airline of which country?	Republic of Ireland or Eire
854	GK	Who discovered radium?	The Curies
855	GK	What does an alopecia sufferer lack?	Hair
856	GK	Who painted The Haywain?	John Constable
857	GK	Triskadeccaphobia is the fear of what?	Number 13
858	GK	What is a baby rabbit called?	Kit or Kitten
859	GK	Which country had The Dauphin as a ruler?	France
860	GK	Who did Michael Caine play in the Ipcress File (both names)?	Harry Palmer
861	GK	Who won Euro song contest Save All Your Kisses For Me?	Brotherhood of Man
862	GK	Which country had the guns of Naverone installed?	Turkey
863	GK	Ictheologists study what?	Fish
864	GK	What is a Winston Churchill?	Cigar
865	GK	Who or what lives in a formicarium?	Ants
866	GK	What type of acid is used in car batteries?	Sulphuric
867	GK	Itâ€™s a flock of sheep what's a group of owls called?	Parliament
868	GK	What animal would you find in a form?	Hare
869	GK	Who in books and films was the man of bronze?	Doc Savage
870	GK	Who was Stan Laurels partner?	Oliver Hardy
871	GK	What kind of food is Cullan Skink?	Fish
872	GK	What is classified by the A B O system?	Blood Groups
873	GK	What plant does the Colorado beetle attack?	Potato
874	GK	Where did the Pied Piper play?	Hamlin
875	GK	To where in France do the sick make pilgrimages?	Lourdes
876	GK	In which city was the famous black hole?	Calcutta
877	GK	Christopher Cockerel invented what?	Hovercraft
878	GK	Ray Bolger played who in The Wizard of Oz?	Scarecrow
879	GK	Sabotage is French - What did the saboteurs use?	Shoes
880	GK	Which part of the human body contains the most gold?	Toenails
881	GK	If you had rubella what would you have caught?	German Measles
882	GK	Mohs scale hardest substance is diamond - what's the softest?	Talc
883	GK	La Giaconda is better known as what?	Mona LisaGK	Who wrote the Opera Madam Butterfly?	Puccini
884	GK	What links - Goa - Kerula - Assam - Bihar?	India
885	GK	Eric Arthur Blaire was the real name of which author?	George Orwell
886	GK	Names - Baker Cook obvious what did Cordwainer do?	Shoemaker
887	GK	Which country do Sinologists study?	China
888	GK	Rudy Stevens became famous under which name?	Barbara Stanwyck
889	GK	Which non alcoholic cordial is made from pomegranates?	Grenadine
890	GK	What is Orchesis - either professional or amateur?	Art of Dancing
891	GK	Taken literally what should you see in a Hippodrome?	Horses
892	GK	Who wrote the Man in the Iron Mask?	Alexander Dumas
893	GK	Which 1993 Disney film starred Bet Middler as a witch?	Hocus Pocus
894	GK	Who piloted the first flight across the English channel?	Louis Bleriot
895	GK	What was the first James Bond film?	Dr No
896	GK	What 1991 film won best film, actor, actress, director Oscars?	Silence of the Lambs
897	GK	What was the capital of Ethiopia?	Addis Ababa
898	GK	Aescapalious emblem staff snake Greek Roman god of what?	Medicine
899	GK	Giacomo Agostini - 122 Grand Prix 15 world titles what sport?	Motorcycle Racing
900	GK	What is the largest state in the USA?	Alaska
901	GK	Led Deighton trilogy Game Set Match What 3 Capitals?	Berlin Mexico London
902	GK	Alan Stuart Konigsberg famous as who?	Woody Allen
903	GK	Which human rights organisation founded 1961 got Nobel 1977?	Amnesty International
904	GK	Whose autobiography was The long walk to Freedom?	Nelson Mandela
905	GK	What was discovered in 1922 by Howard Carter?	Tutankamen tomb
906	GK	Clyde Tonbaugh discovered what planet in 1930?	Pluto
907	GK	Who won the women's heptathlon at Seoul in 1988?	Jackie Joyner-Kersey
908	GK	Who wrote Northanger Abbey?	Jayne Austin
909	GK	Who ran through the streets naked crying Eureka?	Archimedes
910	GK	Who composed the Brandeberg concertos full names?	Johan Sebastian Bach
911	GK	Who won the World Series in 1987?	Minnesota twins
912	GK	What is the correct term of address to the Pope?	Your Holiness
913	GK	In which city was Alexander Graham Bell born in 1847?	Edinburgh
914	GK	Who composed the ballets Sleeping Beauty and The Nutcracker?	Tchaikovsky
915	GK	AG Bell opened school in Boston in 1872 for Teachers of what?	The Deaf
916	GK	Benjamin Kubelsky 1894 fame as what comedian?	Jack Benny
917	GK	In the Old Testament what book comes between Obadiah - Micah?	Jonah
918	GK	Robin Williams dressed in drag for which 1993 film?	Mrs Doubtfire
919	GK	Which chess piece could be a member of the church?	Bishop
920	GK	Which German word means lightning war used in WW2?	Blitzkrieg
921	GK	Broccoli belongs to what family of plants?	Cabbage
922	GK	Who designed the first Iron ship the Great Britain in 1845?	I. Kingdom Brunel
923	GK	Whose boat Bluebird was recently raised from Coniston water?	Donald Campbell
924	GK	in 1951 which (of two) car companies introduced power steering?	Buick - Chrysler
925	GK	Who wrote Catch 22 (both names)?	Joseph Heller
926	GK	Which country set up the worldâ€™s first chemistry lab in 1650?	Netherlands
927	GK	What links the names Botvinik, Tal, Karpov, Fischer?	Chess World Champs
928	GK	What is the national flower of Japan?	Chrysanthemum
929	GK	Bombardier Billy Wells was seen on many Rank films - why?	Hit Gong
930	GK	Where in France do claret wines come from?	Bordeaux
931	GK	What did mathematician John Napier invent in 1614?	Logarithms
932	GK	What was the worldâ€™s first high level programming language 1957?	IBM FORTRANGK	Consumption was the former name of which disease?	Tuberculosis
933	GK	Which American state is nicknamed The Diamond State?	Delaware
934	GK	What are the Sirocco, Mistral and Chinook?	Winds
935	GK	Who wrote about Willie Wonka and the Chocolate Factory?	Roald Dahl
936	GK	Who, at USA customs declared, nothing but my genius?	Oscar Wilde
937	GK	Issur Danielovitch became famous a who?	Kirk Douglas
938	GK	Who sailed in the Golden Hind?	Sir Francis Drake
939	GK	What was the name of the plantation in Gone with the Wind?	Tara
940	GK	Who won the 1988 Superbowl?	Washington Redskins
941	GK	Which group believes in The Great Architect of the Universe?	Freemasons
942	GK	Robert Alan Zimmerman real name of who?	Bob Dylan
943	GK	Processed Galena produces which metal?	Lead
944	GK	Who wrote Gulliverâ€™s Travels (both names)?	Jonathon Swift
945	GK	What is a Ha Ha?	Sunken Fence
946	GK	In Japan what is Seppuku?	Hari Kari - suicide
947	GK	Who discovered blood circulation?	William Harvey
948	GK	The dunnock is another name for which common bird?	Hedge Sparrow
949	GK	If someone said they were from Hellas - which country?	Greece
950	GK	Who was the son of Zeus and Maia - Gods Messenger?	Hermes
951	GK	Roy Scherer jr became famous as who?	Rock Hudson
952	GK	Who wrote Brave New World (full name)?	Aldus Huxley
953	GK	What links Calabria, Liguria, Puglia and Veneto?	Regions of Italy
954	GK	Which city in Rajasthan has riding breeches named after it?	Jodhpur
955	GK	Portugal has had six Kings with what first name?	John
956	GK	What martial arts name means gentle way?	Judo
957	GK	Jean Claude Killy famous in which sport?	Skiing
958	GK	Kimberlite contains what precious item?	Diamonds
959	GK	Who directed Dr Strangelove - 2001 - The Shining (full name)?	Stanley Kubrick
960	GK	Rene Lalique - Art Nouveau designer worked what material?	Glass
961	GK	Who created the children's land of Narnia and Lion Witch Wardrobe?	Clive Staples Lewis
962	GK	What animal lives in a drey?	Squirrel
963	GK	Why is Louise Brown - born 1978 famous?	First test tube baby
964	GK	The title of whose book translates as my struggle?	Adolf Hitler
965	GK	Anna Mary Robinson - famous American painter - what name?	Grandma Moses
966	GK	In which country would you find the Negev desert?	Israel
967	GK	Which character has been played by the most actors?	Sherlock Holmes
968	GK	In Greek mythology a Hamadryads spirit guarded what?	Trees
969	GK	Jocasta was the wife of Laius and the mother of who?	Oedipus
970	GK	Who wrote The Rights of Man - and The Age of Reason?	Thomas Paine
971	GK	What is the capital of Sicily?	Palermo
972	GK	What was invented by Dr Edward Land in 1947?	Polaroid
973	GK	Syd Barett, Roger Waters, Richard Wright, Nick Mason - Group?	Pink Floyd
974	GK	Carlo Collodi created which famous children's character?	Pinocchio
975	GK	What is mainly extracted from pitchblende?	Uranium
976	GK	Which connects Delft, Sevres, Wedgwood, Chelsea?	Porcelain
977	GK	Which country introduced the worlds first diesel loco in 1912?	Germany
978	GK	in 1656 Christian Huygens invented what type of timekeeper?	Pendulum clock
979	GK	Duvali, Dushira and Holi are religious days in which religion?	Hindu
980	GK	In what industry did John Davidson Rockefeller get rich?	Oil
981	GK	The Mau Mau were terrorists in which country late 50s early 60s?	KenyaGK	What is the common name for the star Sirius?	Dog Star
982	GK	What calculating aid was invented by William Oughtred in 1662?	Slide Rule
983	GK	Which Athenian philosopher wrote nothing - immortalised by Plato?	Socrates
984	GK	Who designed the WW 1 plane Camel and co designed Hurricane?	Thomas Octave Murdoch Sopwith
985	GK	Crazy Horse and Sitting Bull were born in which US state?	South Dakota
986	GK	In 1666 Jesuit Bark was used as a prevention against what?	Malaria
987	GK	In 1971 which USA space probe was first to orbit another planet?	Mariner 9
988	GK	What links Catalonia, Andalusia, Cantabria, Galicia?	Regions of Spain
989	GK	Ingemar Stenmark won record 85 world cup races in what sport?	Skiing
990	GK	Who wrote the music for the ballets Firebird and Rites of Spring?	Igor Stravinsky
991	GK	What common legal item literally means under penalty?	Subpoena
992	GK	Who was the only person to win world titles on bikes and cars?	John Surtees
993	GK	What is the oldest swimming stroke?	Breaststroke
994	GK	Which European country is divided into areas called Cantons?	Switzerland
995	GK	Which medical tool was developed by Sanctorius in 1612?	Thermometer
996	GK	What weapon was invented by Ernest Swinton used in 1916?	Tank
997	GK	Which mythological King chained grapes rose water fell?	Tantalus
998	GK	Who created Tarzan (all names) in 1914?	Edgar Rice Burroughs
999	GK	Camellia Sinesis evergreen shrub better known as what?	Tea
1000	GK	In 1901 who first transmitted radio signals across Atlantic?	Marconi
1001	GK	Who won six consecutive Wimbledon titles in the 1980s?	Martina Navratilova
1002	GK	What Italian building material translates as baked earth?	Terracotta
1003	GK	What links Buddy Holly, Lyndon Johnston, Janice Joplin?	State of Texas
1004	GK	Which eponymous character was Thane of Cawder Glaimes?	Macbeth
1005	GK	Who wrote the 39 steps (both names)?	John Buchan
1006	GK	Who won the Superbowl in 1987?	New York Giants
1007	GK	What is the food tofu made from?	Soya Bean Curd via Soya milk
1008	GK	Who was the son of Poseidon and Ampherite?	Triton
1009	GK	Annie Mae Bullock became famous under which name (both)?	Tina Turner
1010	GK	What linked Armenia, Georgia, Latvia and Moldavia?	USSR
1011	GK	What is the state capitol of New Jersey?	Trenton
1012	GK	Who won an Oscar for best supporting actor in Spartacus 1960?	Peter Ustinov
1013	GK	What was invented by James Dewer in 1872?	Vacuum or thermos flask
1014	GK	Who was the Roman goddess of the hearth?	Vesta
1015	GK	Viticulture is the growing of what plants?	Vines
1016	GK	In 1953 what was first successfully transmitted in the USA?	Colour Television
1017	GK	Who wrote the Thin Man in 1934 (both names)?	Dashiell Hammett
1018	GK	Angel falls Venezuela Highest but where second Highest?	Yosemite USA
1019	GK	Whitcome Judson in 1891 invented what for fastening shoes?	Zip Fastener
1020	GK	Who sold Louisiana to the USA in 1803?	Napoleon
1021	GK	Gregory Pincus, John Rock, Gerhart Domangk developed what?	Oral Contraceptive
1022	GK	The Gloucester E 28/39 first flew in 1941 - what was unusual?	Whittle Jet Engine
1023	GK	Women compete between USA and UK in Wightman Cup - Sport?	Tennis
1024	GK	Woolworth's - the 5 /10 cent store started in which us state 1979?	Lancaster Pennsylvania
1025	GK	Which actress starred in the original King Kong in 1933 (both)?	Fay Wray
1026	GK	Except Australia 1 New Zealand 1 USA all since 1870 want??	America's Cup
1027	GK	What's missing from ale thatâ€™s included in beer?	Hops
1028	GK	Until 1971 what was the name of Zaire?	Congo
1029	GK	Karl Lienstater discovered which medical breakthrough in 1901?	ABO Blood Groups
1030	GK	Who is the only American president elected unopposed?	George WashingtonGK	What movie cast included James Garner, Richard Attenbourough,Steve McQueen, Charles Bronson, Donald Pleasance, James Coburn, Gordon Jackson, Angus McPhee among many other?	The Great Escape
1031	GK	If you suffer from epistaxis what is wrong?	Nosebleed
1032	GK	In which book would you find the manservant Pas Partout?	Around the world in 80 days
1033	GK	What animals name translates as water horse?	Hippopotamus
1034	GK	In Greek mythology who killed the Gorgon?	Perseus
1035	GK	Which two metals are alloyed to make pewter?	Tin and Lead
1036	GK	In 1899 the Eastman company in the USA produced first what?	Kodak 1 - hand held roll film cam
1037	GK	What links - Sarte, Neitzsche, Russell and Decartes?	Philosophers
1038	GK	In 1643 Evangalisa Torichelli invented the first what?	Barometer
1039	GK	Which Spanish painter has first exhibition at 16 - also 4 year blue?	Pablo Picasso
1040	GK	Where did the mutineers of the Bounty settle?	Pitcairn Islands
1041	GK	What is the longest river in Italy?	Po
1042	GK	What does a polyandric women have more than one of?	Husband
1043	GK	What links Brazil, Uruguay, Mozambique and Angola?	Colonies of Portugal
1044	GK	What is the American equivalent of the Irish Poteen?	Moonshine
1045	GK	Who was the last king of Troy killed by Achilles son Pyrrhus?	Priam
1046	GK	In 1911 the archaeologist Hiram Bingham discovered what lost city?	Machu Picchu
1047	GK	Who won the Superbowl in 1989?	San Francisco 49 ers
1048	GK	Who wrote the book Billy Budd also Moby Dick?	Herman Melville
1049	GK	Which highwayman rode the horse Black Bess?	Dick Turpin
1050	GK	Barry Allen was the alter ego of which DC comic superhero?	The Flash
1051	GK	In 1901 which brand of car was seen for the first time?	Mercedes
1052	GK	Brisbane is the state capital of which SE Australian state?	Queensland
1053	GK	In Norse mythology what is the name of the ultimate battle?	Ragnarok
1054	GK	In 1890 the first electric what opened in London?	Underground railway
1055	GK	Who wrote the children's novel Swallows and Amazons?	Arthur Ransom
1056	GK	Oil seed rape belongs to which plant family?	Mustard
1057	GK	Which Norwegian politicians name became a word for traitor?	Vidkun Quisling
1058	GK	What is the capitol of Morocco?	Rabat
1059	GK	What shape were the sailors plates in Nelsons navy?	Square Thus Square meal
1060	GK	What religion links Weasak, Dhrammacacka, and Bhodi day?	Buddhist
1061	GK	Linus Torwalds invented and wrote what?	Linux computer operating system
1062	GK	The bander macaque has which commoner name?	Rhesus Monkey
1063	GK	Zambia and Zimbabwe used to be called what?	Rhodesia
1064	GK	What is the staple food of one third of the worlds population?	Rice
1065	GK	Paul Robeson the singer of old man river had what profession?	Lawyer
1066	GK	Rene Laennac invented which aid for doctors in 1810?	Stethoscope
1067	GK	Jagger, Richards, Wyman, Jones, Watts, Stewart - which band?	The Rolling Stones
1068	GK	What digit does not exist in Roman Numerals?	Zero
1069	GK	Who was nicknames The desert Fox (both Names)?	Erwin Rommel
1070	GK	What aid to archaeologists from 197 bc was found in Egypt 1799?	Rosetta Stone
1071	GK	Which annual sporting event between 2 teams started in 1829?	The University Boat Race
1072	GK	Who was the jeweller to the Russian Court famous Easter eggs?	Faberge
1073	GK	What type of food is Taramasalata?	Cured /smoked cod roe
1074	GK	What links Samuel Delaney, Fredrick Pohl, Harlan Ellison?	Science Fiction
1075	GK	Randolph Crane became famous as which cowboy actor?	Randolph Scott
1076	GK	Ageusia is the loss of which sense?	Taste
1077	GK	Which Irish political parties name translates as we ourselves?	Sein Fein
1078	GK	Henry Ford used assembly line in 1908 but someone before 1901?	Ransome Olds
1079	GK	Who performed the first heart transplant in South Africa?	Christian BarnardGK	Which countries men use the most deodorant?	Japan
1080	GK	Who played Billy the Kid in The Left Handed Gun?	Paul Newman
1081	GK	What was the first credit card?	Diners Club
1082	GK	What links Humphry Davie, Michael Faraday, Madam Curie?	Poisoned by chemicals work
1083	GK	Hippophagic society members support what?	Eating horsemeat
1084	GK	What did Britain swap Havana for with Spain in 1763?	Florida
1085	GK	What is the crime of embracery?	Jury Bribing
1086	GK	Which country made the worlds first feature film in 1906?	Australia Story of Kelly gang
1087	GK	Who wrote Gentlemen Prefer Blonds?	Anita Loos
1088	GK	What was Norman Bates hobby in Psycho?	Stuffing birds
1089	GK	What was Casanovas day job?	Librarian
1090	GK	Where is the worlds largest gold depository?	Federal reserve bank Manhattan
1091	GK	Why did the state of Indiana ban Robin Hood in 1953?	Communist rob rich
1092	GK	Angelo Scicilano better know as who?	Charles Atlas
1093	GK	How did George II die?	Fell off toilet
1094	GK	What did Marlon Brando and George C Scott refuse?	Oscars
1095	GK	Why was convict 2599 unusual in Pen State prison 1924?	Dog doing life for killing cat
1096	GK	What is 6 inches bigger in Summer?	Eiffel tower
1097	GK	What two ingredients make the dish angels on horseback?	Oysters wrapped in Bacon
1098	GK	What was Charles Dickens last (unfinished) novel?	Mystery of Edwin Drood
1099	GK	Which sea on Earth has no beaches?	Sargasso sea
1100	GK	Reuben Tice died trying to invent a machine to do what?	Dewrinkle prunes
1101	GK	De Witt Wallace founded what?	Readers Digest
1102	GK	Who is the Patron Saint of thieves?	St Nicholas
1103	GK	According to his business card what job did Al Capone do?	Sell second hand furniture
1104	GK	Humans are 10,000 times more sexually active that what animal?	Rabbits
1105	GK	Shirley Schrift became famous as which actress?	Shelly Winters
1106	GK	In Kansas what can a waiter not do in a teacup (legally)?	Serve wine
1107	GK	Which country has the smallest birth rate?	Vatican City
1108	GK	Which 1956 film caused riots in cinemas?	Rock around the clock
1109	GK	Who did the USA buy the Virgin islands from?	Denmark
1110	GK	Who played the scarecrow in the Wiz (all black wiz of oz)?	Michael Jackson
1111	GK	What was or is a Waltzing Mathilda?	Swagmanâ€™s Knapsack
1112	GK	Which country was the first to introduce old age pensions?	Germany
1113	GK	Which hats became popular with children in 1956?	Davy Crocket
1114	GK	Malden Serkiovitch famous as which actor?	Karl Malden
1115	GK	What is it illegal to pawn in New York?	American flag
1116	GK	What hospital did Dr Kildare work at?	Blaire General
1117	GK	Collective nouns - a smuck of what?	Jellyfish
1118	GK	Who was Cleopatra's first husband?	Ptolemy Dionysus
1119	GK	Who was John Dawkins better known as?	Artful Dodger
1120	GK	Which film star has his statue in Leicester Square?	Charlie Chaplin
1121	GK	Virginia McMath became famous as which actress?	Ginger Rodgers
1122	GK	What is the name of Captain Ahab's ship?	Peaquod
1123	GK	Roosevelt won the 1932 election - who lost it?	Herbert Hoover
1124	GK	Who wrote The History of Mr Polly?	H G Wells
1125	GK	What is the first day of Lent?	Ash Wednesday
1126	GK	Mr Chips said goodbye - from which fictional school?	Brookfield
1127	GK	Who buried the treasure on Treasure Island?	Captain Flint
1128	GK	Which TV series was narrated by Walter Winchell?	The UntouchablesGK	In which country was Auschwitz	Poland
1129	GK	What was the first British instrumental to top the USA charts	Telstar by The Tornados
1130	GK	On which national flag is there an eagle and a snake	Mexico
1131	GK	What group of animals would be in a clowder	Cats
1132	GK	What is a Sam Browne	Military belt
1133	GK	What is the chemical symbol for tungsten	W
1134	GK	Who are the two most translated English writers	Shakespeare and Agatha Christie
1135	GK	Citius Altius Fortius is the motto of what organisation	Olympic
1136	GK	What is the main ingredient of sauce Lyonnaise	Onions
1137	GK	Who played Miss Marple in 6 films (both names)	Margaret Rutherford
1138	GK	From what language does the word alphabet come	Greek -alpha beta
1139	GK	In the nursery rhyme what is Fridays child	Loving and Giving
1140	GK	What was the first film made in cinemascope	The robe
1141	GK	Where was the battle of Hastings fought	Senlac hill
1142	GK	A pearmain is what type of fruit	Apple
1143	GK	What colour is the bull on an archery target	Gold
1144	GK	What was the Rolling Stones first no 1 hit	Its all over now
1145	GK	Name both rival gangs in West Side Story	Sharks Jets
1146	GK	In golf what do the Americans call an albatross	Double Eagle
1147	GK	Which classical composer wrote the Hungarian Rhapsody	Franz Liszt
1148	GK	When is St Swithens day	15th July
1149	GK	What are ceps morels and chantrelles	Mushrooms
1150	GK	Which part of his body did Charlie Chaplin insure	Feet
1151	GK	In golf what would you put in your shag bag	Practice Balls
1152	GK	A bind is a group of what type of fish	Salmon
1153	GK	Which author created Fu Manchu	Sax Rohmer
1154	GK	Mrs Darell Waters (translated 128 languages) pen name	Edith Blyton
1155	GK	Who played the pawnbroker in the film of that name	Rod Stiger
1156	GK	What was the first manufactured item to be sold on Hire Purchase	Singer sewing machine
1157	GK	Which letters denote Jesus Nazareth King of the Jews	INRI
1158	GK	In France if you were served le miel what would you eat	Honey
1159	GK	The Greek for circle of animals gives it name to what	Zodiac
1160	GK	Who was the Roman god of agriculture	Saturn
1161	GK	What is ikebana	Flower arranging
1162	GK	What nationality was Morse inventor of the famous code	American
1163	GK	Goa used to be a colony of which nation	Portugal
1164	GK	What does a galactophagist drink	Milk
1165	GK	What did God create on the fifth day (both)	Sea creatures and birds
1166	GK	Where was Bob Dylan born	Duluth Minnesota
1167	GK	In the 18th century what would a pencil be	Brush
1168	GK	Agrippa poisoned her husband/uncle who was he	Claudius
1169	GK	Who was the mother of Castor and Pollux	Helen of Troy
1170	GK	What are the snaffle Pelham and Weymouth	Horse bits
1171	GK	Walter Koenig played which part in the Star Trek series	Ensign Chekov
1172	GK	Who had a hit with Devil Woman	Cliff Richard
1173	GK	What were the first false teeth made from	Ivory
1174	GK	The jealous Athena turned who into a spider	Arachne
1175	GK	What was the first Carry On film	Carry on Sergeant
1176	GK	Who was the female lead in The Shootist	Lauren Bacall
1177	GK	What is a dzo	Cow Yak crossGK	Hypermetropic people are what	Long Sighted
1178	GK	Which leader lives in the Potola	Dalai Lama
1179	GK	What wood was the cross supposed to be made of	Mistletoe
1180	GK	Joseph Levitch became famous as who	Jerry Lewis
1181	GK	If you planted a bandarilla what are you doing	Bullfighting
1182	GK	What was the first Pink Floyd album	Piper at the gates of dawn
1183	GK	in which city was the first public opera house opened	Venice
1184	GK	In what Elvis film did he play a double role	Kissing Cousins
1185	GK	The Aphrodite of Melos has a more famous name - what	Venus de Milo
1186	GK	Which country invented the concentration camp	Britain - Boer war
1187	GK	John Huston scored a hit with his first film - what?	Maltese falcon
1188	GK	Stan laurel, Mickey Rooney, Lana Turner what in common	8 marriages
1189	GK	What real person has been played most often in films	Napoleon Bonaparte
1190	GK	Scotopic people can do what	See in the dark
1191	GK	What is the most critical thing keeping bananas fresh transport	Temperature not below 13 C
1192	GK	What is the name of the Paris stock exchange	Bourse
1193	GK	Whose music featured in The Clockwork Orange	Beethoven
1194	GK	What was the Troggs most famous hit	Wild Thing
1195	GK	In Japan what colour car is reserved for the royal family only	Maroon
1196	GK	What city has Kogoshima as its airport	Tokyo
1197	GK	What was gangsters George Nelsons nickname	Baby Face
1198	GK	Whose first wife was actress Jayne Wyman	Ronald Regan
1199	GK	In MASH what is Radars favourite drink	Grape Knee High
1200	GK	What do you give on the third wedding anniversary	Leather
1201	GK	What is a baby whale called	Calf
1202	GK	In which film did the Rolls Royce have the number plate AU1	Goldfinger
1203	GK	Vladamere Ashkenazy plays what musical instrument	Piano
1204	GK	With which organ does a snake hear	Tongue
1205	GK	On what is the Mona Lisa painted	Wood
1206	GK	What is the second most common international crime	Art theft
1207	GK	Count de Grisly was the first to perform what trick in 1799	Saw woman in half
1208	GK	Who wrote Les Miserable	Victor Hugo
1209	GK	Which bird turns it head upside down to eat	Flamingo
1210	GK	The colossus of Rhodes was a statue of who	Apollo
1211	GK	Who rode a horse called Bucephalus	Alexander the Great
1212	GK	To which London club did Mycroft Holmes belong	Diogones
1213	GK	What did William Addis invent in prison	Toothbrush
1214	GK	What is the only duty of police Gracthenvissers in Amsterdam	Motorists in canals
1215	GK	Kleenex tissues were originally intended as what in 1915	WW1 Gas mask filters
1216	GK	Who invented popcorn	American Indians
1217	GK	What is the colour of mourning in Turkey	Violet
1218	GK	For what is spirits of salt another name	Hydrochloric acid
1219	GK	Which game is played on an oval with 18 player per team	Australian football
1220	GK	In the Winnie the Pooh stories what is Kangaâ€™s baby called	Roo
1221	GK	Which actor is common to Magnificent 7 and Dirty Dozen	Charles Bronson
1222	GK	Who saved Andromeda from the sea monster	Perseus
1223	GK	What flower is the symbol of secrecy	Rose
1224	GK	What item were originally called Hanways	Umbrellas
1225	GK	What is Brussels best known statue	The Mannequin Pis
1226	GK	in which language does God Jul mean happy Xmas	SwedishMOVIE_TRIVIA 	 What was the title of the film that Whitney Houston starred in alongside Kevin Costner 	 The Bodyguard
1227	MOVIE_TRIVIA 	 Who plays the bride to be Sophie in the film 2008 film 'Mamma Mia' 	 Amanda Seyfried
1228	MOVIE_TRIVIA 	 Who starred as the Tarzan in the first movie 	 Elmo Lincoln
1229	MOVIE_TRIVIA 	 Which two famous film stars played the leading roles in the film 'Pretty Woman' 	 Richard Gere and Julia Roberts
1230	MOVIE_TRIVIA 	 What was the name of Dorothy's dog in the Wizard of Oz 	 Toto
1231	MOVIE_TRIVIA 	 Who played Jack in the film The Titanic 	 Leonardo DiCaprio
1232	MOVIE_TRIVIA 	 What was the title of the film that Robin Williams played an English teacher called John Keating 	 Dead Poets Society
1233	MOVIE_TRIVIA 	 Who played Forrest Gump 	 Tom Hanks
1234	MOVIE_TRIVIA 	 Which Disney film does the song 'Circle of Life' come from 	 The Lion King
1235	MOVIE_TRIVIA 	 Who made the quote 'I'll be back' famous 	 Arnold schwarzenegger
1236	MOVIE_TRIVIA 	 Which Disney film does the song 'The Bare Necessities' come from 	 TheÂ Jungle Book
1237	MOVIE_TRIVIA 	 Who starred as Sandy in the first Grease movie 	 Olivia Newton-John
1238	MOVIE_TRIVIA 	 What was the title of the film that starred Elvis Presley playing the role of a boxer 	 Kid Galahad
1239	MOVIE_TRIVIA 	 What was the name of Chucky's Bride in the 1998 film entitled 'The Bride of Chucky' 	 Tiffany
1240	MOVIE_TRIVIA 	 In which film did Jodie Foster play the role of Clarice Starling, an FBI agent 	 The Silence of the Lambs
1241	MOVIE_QUOTES 	 Here's looking at you, kid 	 Casablanca
1242	MOVIE_QUOTES 	 There's no place like home 	 The Wizard of Oz
1243	MOVIE_QUOTES 	 I see dead people 	 Sixth Sense
1244	MOVIE_QUOTES 	 At my signal, unleash hell 	 Gladiator
1245	MOVIE_QUOTES 	 You're going out a youngster but you've got to come back a star 	 42nd Street
1246	MOVIE_QUOTES 	 Houston, we have a problem 	 Apollo 13
1247	MOVIE_QUOTES 	 My understanding of women goes only as far as the pleasures 	 Alfie
1248	MOVIE_QUOTES 	 Every man dies. Not every man really lives 	 Braveheart
1249	MOVIE_QUOTES 	 Yo, Adrienne! 	 Rocky
1250	MOVIE_QUOTES 	 We're bigger than US Steel 	 The Godfather
1251	MOVIE_QUOTES 	 Poor Catherine, tick, tock, tick, tock, tick, tock 	 The Silence of the Lambs
1252	MOVIE_QUOTES 	 To deny our own impulses is to deny the very thing that makes us human 	 The Matrix
1253	MOVIE_QUOTES 	 Truth hurts. Maybe not as much as jumping on a bicycle with a seat missing, but it hurts 	 Naked Gun 2 1/2
1254	MOVIE_QUOTES 	 I once heard a wise man say: There are no perfect men, only perfect intentions 	 Robin Hood â€“ Prince of Thieves
1255	MOVIE_QUOTES 	 Life moves pretty fast. If you don't stop and look around once in a while, you could miss it 	 Ferris Bueler's Day Off
1256	MOVIE_QUOTES 	 Nobody puts Baby in the corner 	 Dirty Dancing
1257	MOVIE_QUOTES 	 Tell her that you love her. You've got nothing to lose, and you'll always regret it if you don't 	 Love Actually
1258	MOVIE_QUOTES 	 The greatest thing you'll ever learn is just to love and have that love returned 	 Moulin Rouge
1259	MOVIE_QUOTES 	 You had me at hello 	 Jerry Maguire
1260	MOVIE_QUOTES 	 Love means never having to say you're sorry 	 Love Story
1261	MOVIE_QUOTES 	 I'm just a girl standing in front of a boy, asking him to love her 	 Notting Hill
1262	MOVIE_QUOTES 	 I need to believe, that something extraordinary possible 	 A Beautiful Mind
1263	MOVIE_QUOTES 	 Poetry, beauty, romance, love: these are what we stay alive for 	 Dead Poet's Society
1264	MOVIE_QUOTES 	 I may not be a smart man, but I know what love is 	 Forrest Gump
1265	MOVIE_QUOTES 	 Sometimes I wish I had never met you. Because then I could go sleep at night not knowing there was someone like you out there 	 Good Will Hunting
1266	MOVIE_QUOTES 	 Everything I do, I do it for you. Anything that might be special in me... is you 	 Great Expectations
1267	MOVIE_QUOTES 	 When you realize you want to spend the rest of your life with somebody, you want the rest of your life to start as soon as possible 	 When Harrry Met Sally
1268	MOVIE_QUOTES 	 Coughlin's law: never show surprise, never lose your cool 	 Cocktail
1269	MOVIE_QUOTES 	 Take love, multiply it by infinity and take it to the depths of forever... and you still have only a glimpse of how I feel for you 	 Meet Joe Black
1270	MOVIE_QUOTES 	 If I had one more night to live, I would want to spend it with you 	 Pearl Harbour
1271	MOVIE_QUOTES 	 All of this has happened before, and it will all happen again 	 Peter Pan
1272	MOVIE_QUOTES 	 Look, you're really cute, but I can't understand what you're saying 	 Finding Nemo
1273	MOVIE_QUOTES 	 A lie keeps growing and growing until it's as plain as the nose onÂ your face 	 Pinocchio
1274	MOVIE_QUOTES 	 Sounds like someone's sick. How lovely. I doÂ hopeÂ it's serious. Something dreadful 	 The Sword and the Stone
1275	MOVIE_QUOTES 	 Ladies don't start fights, but they can finish them 	 The Aristocats
1276	MOVIE_QUOTES 	 Forever is a long long time and time has a way of changing things 	 Fox and the Hound
1277	MOVIE_QUOTES 	 Will you get your head out of the clouds and back in the water where it belongs 	 The Little Mermaid
1278	MOVIE_QUOTES 	 What do you want me to do, dress in drag and do the hula 	 The Lion King
1279	MOVIE_QUOTES 	 Better to beg forgiveness than ask permission 	 The Hunchback of Notre Dame
1280	MOVIE_QUOTES 	 When I'm with you, I don't feel so alone 	 Hercules
1281	MOVIE_QUOTES 	 Look for the bare necessities 	 The Jungle Book
1282	MOVIE_QUOTES 	 Dreams can come true 	 Cinderella
1283	MOVIE_QUOTES 	 Reach for theÂ sky! 	 Toy Story
1284	MOVIE_QUOTES 	 I'm not worthless and I don't have fleas 	 Aladdin
1285	MOVIE_QUOTES 	 Nothing's impossible 	 Alice In Wonderland
1286	MOVIE_TRIVIA 	 What is the film title of the sequel to Alice In Wonderland 	 Through The Looking Glass
1287	MOVIE_TRIVIA 	 WhoÂ playedÂ Baby in the film Dirty Dancing 	 Jennifer Grey
1288	MOVIE_TRIVIA 	 Which famous actress was born Norma Jeane Mortenson 	 Marilyn Monroe
1289	MOVIE_TRIVIA 	 WhoÂ playedÂ James Bond in 'Live and Let Die' 	 Roger Moore
1290	MOVIE_TRIVIA 	 Who am I I was born in 1962, in New York. I'm a Hollywood actor and I've starred in lot of big hit movies. I have also directed films. I'm married to an actress and I have been married twice before. One of my ex-wives is Nicole Kidman. 	 Tom Cruise
1291	MOVIE_TRIVIA 	 How many 'Rocky' films did Sylvester Stallone star in 	 Six (6)
1292	MOVIE_TRIVIA 	 What are the names of Snow White's seven dwarfs 	 Sneezy, Happy, Grumpy, Sleepy, Bashful, Dopey, Doc
1293	MOVIE_TRIVIA 	 What was the name of the boy in theÂ Jungle Book 	 Mowgli
1294	MOVIE_TRIVIA 	 In the film 'Shrek', what is the name of Shrek's wife 	 Fiona
1295	MOVIE_TRIVIA 	 What is the name of the film that Phil Collins starred in with Julie Walters in 1988 	 Buster
1296	MOVIE_TRIVIA 	 Which James Bond film was named after Ian Fleming's home in Jamaica 	 Goldeneye
1297	MOVIE_TRIVIA 	 What is the name of the actor whoÂ playedÂ the role of Harry Potter in the film series 	 Daniel Radcliffe
1298	MOVIE_TRIVIA 	 What color lipstick did silent movie stars wear 	 Black
1299	MOVIE_TRIVIA 	 In the 1989 film 'Shirley Valentine' whoÂ playedthe role of Shirley 	 Pauline Collins
1300	MOVIE_TRIVIA 	 Which Bond movie did Daniel Craig first star in 	 Casino Royale
1301	FAMOUS_POEMS	Phenomenal Woman	Maya Angelou
1302	FAMOUS_POEMS	Where the Sidewalk Ends	Shel Silverstein
1303	FAMOUS_POEMS	If You Forget Me	Pablo Neruda
1304	FAMOUS_POEMS	I carry your heart with me	E. E. Cummings
1305	FAMOUS_POEMS	The Road Not Taken	Robert Frost
1306	FAMOUS_POEMS	A Dream Within A Dream	Edgar Allan Poe
1307	FAMOUS_POEMS	There is another sky	Emily Dickinson
1308	FAMOUS_POEMS	Life Is Fine	Langston Hughes
1309	FAMOUS_POEMS	A Girl	Ezra Pound
1310	FAMOUS_POEMS	Messy Room	Shel Silverstein
1311	FAMOUS_POEMS	To My Wife - With A Copy Of My Poems	Oscar Wilde
1312	FAMOUS_POEMS	Still I Rise	Maya Angelou
1313	FAMOUS_POEMS	Let America Be America Again	Langston Hughes
1314	FAMOUS_POEMS	To You	Walt Whitman
1315	FAMOUS_POEMS	Stopping by Woods on a Snowy Evening	Robert Frost
1316	FAMOUS_POEMS	I Wandered Lonely as a Cloud	William Wordsworth
1317	FAMOUS_POEMS	The New Poetry Handbook	Mark Strand
1318	FAMOUS_POEMS	Funeral Blues	W. H. Auden
1319	FAMOUS_POEMS	Touched by An Angel	Maya Angelou
1320	FAMOUS_POEMS	The Raven	Edgar Allan Poe
1321	FAMOUS_POEMS	Do Not Go Gentle Into That Good Night	Dylan Thomas
1322	FAMOUS_POEMS	A Word to Husbands	Ogden Nash
1323	FAMOUS_POEMS	Bear In There	Shel Silverstein
1324	FAMOUS_POEMS	If those I loved were lost	Emily Dickinson
1325	FAMOUS_POEMS	Romance	Edgar Allan Poe
1326	FAMOUS_POEMS	Seeker Of Truth	E. E. Cummings
1327	FAMOUS_POEMS	I Taught Myself To Live Simply	Anna Akhmatova
1328	FAMOUS_POEMS	Walking Around	Pablo Neruda
1329	FAMOUS_POEMS	Digging	Seamus Heaney
1330	FAMOUS_POEMS	Brown Penny	William Butler Yeats
1331	FAMOUS_POEMS	The Broken Heart	William Barnes
1332	FAMOUS_POEMS	A Birthday Poem	Ted Kooser
1333	FAMOUS_POEMS	The Mother	Gwendolyn Brooks
1334	FAMOUS_POEMS	A Life	Sylvia Plath
1335	FAMOUS_POEMS	As Soon as Fred Gets Out of Bed	Jack Prelutsky
1336	FAMOUS_POEMS	I'm not Yours	Sara Teasdale
1337	FAMOUS_POEMS	And The Moon And The Stars And The World	Charles Bukowski
1338	FAMOUS_POEMS	America	Allen Ginsberg
1339	FAMOUS_POEMS	Those Winter Sundays	Robert Hayden
1340	FAMOUS_POEMS	All the World's a Stage	William Shakespeare
1341	FAMOUS_POEMS	A Poison Tree	William Blake
1342	FAMOUS_POEMS	Daddy	Sylvia Plath
1343	FAMOUS_POEMS	Be Glad Your Nose is on Your Face	Jack Prelutsky
1344	FAMOUS_POEMS	O Captain! My Captain!	Walt Whitman
1345	FAMOUS_POEMS	A Red, Red Rose	Robert Burns
1346	FAMOUS_POEMS	I know why the caged bird sings	Maya Angelou
1347	FAMOUS_POEMS	Fast rode the knight	Stephen Crane
1348	FAMOUS_POEMS	Happiness	Raymond Carver
1349	FAMOUS_POEMS	A Pretty a Day	E. E. Cummings
1350	FAMOUS_POEMS	Dream Deferred	Langston Hughes
1351	UNSCRAMBLE	stoetnpr	portents
1352	UNSCRAMBLE	mbelar	marble
1353	UNSCRAMBLE	sgrbnioid	disrobing
1354	UNSCRAMBLE	ueropenh	hereupon
1355	UNSCRAMBLE	ngninuidw	unwinding
1356	UNSCRAMBLE	ropsolomo	poolrooms
1357	UNSCRAMBLE	entylsuptroo	portentously
1358	UNSCRAMBLE	besuglr	burgles
1359	UNSCRAMBLE	lebed	bleed
1360	UNSCRAMBLE	coiairtnmse	creationism
1361	UNSCRAMBLE	natidmasetc	admittances
1362	UNSCRAMBLE	ortegsau	outrages
1363	UNSCRAMBLE	engeomihse	hegemonies
1364	UNSCRAMBLE	iftnly	flinty
1365	UNSCRAMBLE	iylltfuboun	bountifully
1366	UNSCRAMBLE	rnrtopcgaiion	incorporating
1367	UNSCRAMBLE	mhese	hemes
1368	UNSCRAMBLE	cncutimpnoo	compunction
1369	UNSCRAMBLE	irianeoevtp	inoperative
1370	UNSCRAMBLE	bloas	bolas
1371	UNSCRAMBLE	oaihbpgrbliy	bibliography
1372	UNSCRAMBLE	arely	layer
1373	UNSCRAMBLE	auatihsbet	habituates
1374	UNSCRAMBLE	oegr	goer
1375	UNSCRAMBLE	eotadrl	leotard
1376	UNSCRAMBLE	trimssica	scimitars
1377	UNSCRAMBLE	euralstiovn	voluntaries
1378	UNSCRAMBLE	siictub	biscuit
1379	UNSCRAMBLE	ctmupeod	computed
1380	UNSCRAMBLE	dalilotmnosa	amontillados
1381	UNSCRAMBLE	ncxetai	inexact
1382	UNSCRAMBLE	eertekesrsop	storekeepers
1383	UNSCRAMBLE	stdosytehlgihr	shortsightedly
1384	UNSCRAMBLE	gadfef	gaffed
1385	UNSCRAMBLE	llpckao	pollack
1386	UNSCRAMBLE	raesgdat	gradates
1387	UNSCRAMBLE	gninse	ensign
1388	UNSCRAMBLE	undsedrrou	surrounded
1389	UNSCRAMBLE	kacpscikel	placekicks
1390	UNSCRAMBLE	mtiiezrladaniito	demilitarization
1391	UNSCRAMBLE	ptnatsieh	pantheist
1392	UNSCRAMBLE	sllnsei	illness
1393	UNSCRAMBLE	aiceetrv	creative
1394	UNSCRAMBLE	tlosb	bolts
1395	UNSCRAMBLE	lgshtai	alights
1396	UNSCRAMBLE	lgnngaci	clanging
1397	UNSCRAMBLE	yesko	yokes
1398	UNSCRAMBLE	citrames	matrices
1399	UNSCRAMBLE	hfipmurs	frumpish
1400	UNSCRAMBLE	ethrnc	trench
1401	UNSCRAMBLE	sailtatbsun	substantial
1402	UNSCRAMBLE	pohrssetis	prosthesis
1403	UNSCRAMBLE	sigomeculios	musicologies
1404	UNSCRAMBLE	legateyorlcmi	geometrically
1405	UNSCRAMBLE	ianrzast	tzarinas
1406	UNSCRAMBLE	usaspsmh	smashups
1407	UNSCRAMBLE	bslheiyra	bearishly
1408	UNSCRAMBLE	sivaer	varies
1409	UNSCRAMBLE	lsnsyeeltu	tunelessly
1410	UNSCRAMBLE	secrpil	splicer
1411	UNSCRAMBLE	tielinsg	lignites
1412	UNSCRAMBLE	bdewlloi	billowed
1413	UNSCRAMBLE	dganucitr	traducing
1414	UNSCRAMBLE	tnslsoaobdi	bloodstains
1415	UNSCRAMBLE	esulmgg	smuggle
1416	UNSCRAMBLE	oikmneesssr	irksomeness
1417	UNSCRAMBLE	aitsree	aeriest
1418	UNSCRAMBLE	eodngl	dongle
1419	UNSCRAMBLE	tcaisreklc	crackliest
1420	UNSCRAMBLE	ctutkhobo	bucktooth
1421	UNSCRAMBLE	ahsewniadc	chainsawed
1422	UNSCRAMBLE	tpepaetrre	perpetrate
1423	UNSCRAMBLE	ehloivdlsoi	livelihoods
1424	UNSCRAMBLE	altadievd	validated
1425	UNSCRAMBLE	ncijtticvnoisu	conjunctivitis
1426	UNSCRAMBLE	fapl	flap
1427	UNSCRAMBLE	lcsiav	cavils
1428	UNSCRAMBLE	inteecivn	incentive
1429	UNSCRAMBLE	talmmebcie	emblematic
1430	UNSCRAMBLE	smeyuizgr	zymurgies
1431	UNSCRAMBLE	ihbanrilotsaeti	rehabilitations
1432	UNSCRAMBLE	ooaccstb	tobaccos
1433	UNSCRAMBLE	ecrthac	catcher
1434	UNSCRAMBLE	oitcsng	costing
1435	UNSCRAMBLE	elsrcefk	freckles
1436	UNSCRAMBLE	ragbel	garble
1437	UNSCRAMBLE	eenadhrce	adherence
1438	UNSCRAMBLE	toauircjdy	judicatory
1439	UNSCRAMBLE	isaemantneotdc	decontaminates
1440	UNSCRAMBLE	sdiegecan	deceasing
1441	UNSCRAMBLE	laed	lead
1442	UNSCRAMBLE	naiilpsvoor	provisional
1443	UNSCRAMBLE	eenpsnreo	neoprenes
1444	UNSCRAMBLE	cnhoc	conch
1445	UNSCRAMBLE	cbsiltails	ballistics
1446	UNSCRAMBLE	aruisiartc	urticarias
1447	UNSCRAMBLE	enistaoetdmin	sedimentation
1448	UNSCRAMBLE	clliugn	culling
1449	UNSCRAMBLE	aoirgtmni	migration
1450	UNSCRAMBLE	nvsneeiiscttisd	distinctiveness
1451	UNSCRAMBLE	eripapre	paperier
1452	UNSCRAMBLE	hfsinuseefs	huffinesses
1453	UNSCRAMBLE	gtontonfure	unforgotten
1454	UNSCRAMBLE	hhilsle	hellish
1455	UNSCRAMBLE	usnyaloeus	nauseously
1456	UNSCRAMBLE	mlisb	limbs
1457	UNSCRAMBLE	gduneirtknas	undertakings
1458	UNSCRAMBLE	ifmaenlut	fulminate
1459	UNSCRAMBLE	oatusty	outstay
1460	UNSCRAMBLE	dlunocgsoiri	discolouring
1461	UNSCRAMBLE	eicsrk	sicker
1462	UNSCRAMBLE	neisnemtatssrdeov	demonstrativeness
1463	UNSCRAMBLE	ditseugp	pudgiest
1464	UNSCRAMBLE	lezdzris	drizzles
1465	UNSCRAMBLE	iaevrasi	aviaries
1466	UNSCRAMBLE	nglmai	laming
1467	UNSCRAMBLE	midtevasne	advisement
1468	UNSCRAMBLE	nigstisnfiaoci	significations
1469	UNSCRAMBLE	rensi	resin
1470	UNSCRAMBLE	oetrolpwf	flowerpot
1471	UNSCRAMBLE	ecbcuarln	carbuncle
1472	UNSCRAMBLE	sodrnuow	wondrous
1473	UNSCRAMBLE	noioles	loonies
1474	UNSCRAMBLE	iotslisotxcog	toxicologists
1475	UNSCRAMBLE	aeecfedt	defecate
1476	UNSCRAMBLE	deapupnc	uncapped
1477	UNSCRAMBLE	mpdaonrteil	trampolined
1478	UNSCRAMBLE	ilfnoshsiptg	shopliftings
1479	UNSCRAMBLE	ablbs	blabs
1480	UNSCRAMBLE	pisicixndeneee	inexpediencies
1481	UNSCRAMBLE	suseibb	busbies
1482	UNSCRAMBLE	geuza	gauze
1483	UNSCRAMBLE	oossmisotclg	cosmologists
1484	UNSCRAMBLE	bhniitozyrdai	hybridization
1485	UNSCRAMBLE	etnegnirvin	reinventing
1486	UNSCRAMBLE	dmoe	mode
1487	UNSCRAMBLE	uugcpoidornt	outproducing
1488	UNSCRAMBLE	illdsriet	distiller
1489	UNSCRAMBLE	ustweotrshen	southwestern
1490	UNSCRAMBLE	gdoos	goods
1491	UNSCRAMBLE	eiclhcd	cliched
1492	UNSCRAMBLE	plypu	pulpy
1493	UNSCRAMBLE	tbzruoauicnaitasre	bureaucratizations
1494	UNSCRAMBLE	fedisl	fields
1495	UNSCRAMBLE	otlnevrdiiap	providential
1496	UNSCRAMBLE	iaplnyt	inaptly
1497	UNSCRAMBLE	sfigefei	effigies
1498	UNSCRAMBLE	lalitapa	palatial
1499	UNSCRAMBLE	attspoesa	apostates
1500	UNSCRAMBLE	ieroupmu	europium
1501	UNSCRAMBLE	ceoegul	eclogue
1502	UNSCRAMBLE	below	below
1503	UNSCRAMBLE	misgumnoioel	immunologies
1504	UNSCRAMBLE	gsetnnais	assenting
1505	UNSCRAMBLE	magtentri	mattering
1506	UNSCRAMBLE	falco	focal
1507	UNSCRAMBLE	efdtrsore	defroster
1508	UNSCRAMBLE	glocoye	ecology
1509	UNSCRAMBLE	udpssit	stupids
1510	UNSCRAMBLE	lsbreeil	libelers
1511	UNSCRAMBLE	lnrisicienedb	indiscernible
1512	UNSCRAMBLE	iasblnlhci	chilblains
1513	UNSCRAMBLE	onricsce	conciser
1514	UNSCRAMBLE	iaiyjlucrdl	juridically
1515	UNSCRAMBLE	ulihnkg	hulking
1516	UNSCRAMBLE	gacsrliu	surgical
1517	UNSCRAMBLE	ginz	zing
1518	UNSCRAMBLE	lbsonedee	nosebleed
1519	UNSCRAMBLE	eitcisruibl	lubricities
1520	UNSCRAMBLE	paiaptt	pitapat
1521	UNSCRAMBLE	scnrodo	condors
1522	UNSCRAMBLE	eictesonr	resection
1523	UNSCRAMBLE	olrtpeiatra	proletariat
1524	UNSCRAMBLE	ereuv	revue
1525	UNSCRAMBLE	oflerfsest	effortless
1526	UNSCRAMBLE	urnqiudglap	quadrupling
1527	UNSCRAMBLE	ralka	kraal
1528	UNSCRAMBLE	rvedsviu	survived
1529	UNSCRAMBLE	vsoisraufd	disfavours
1530	UNSCRAMBLE	casbakperp	paperbacks
1531	UNSCRAMBLE	ruedhls	hurdles
1532	UNSCRAMBLE	rrigehpannes	resharpening
1533	UNSCRAMBLE	irsesf	serifs
1534	UNSCRAMBLE	orshntg	throngs
1535	UNSCRAMBLE	eyseailpcuvlt	speculatively
1536	UNSCRAMBLE	ytuuilmat	mutuality
1537	UNSCRAMBLE	phbieon	hipbone
1538	UNSCRAMBLE	smaaicenignl	malignancies
1539	UNSCRAMBLE	oasrswdahb	washboards
1540	UNSCRAMBLE	gitsihlhsp	lightships
1541	UNSCRAMBLE	emzicerrde	mercerized
1542	UNSCRAMBLE	ivasiintton	invitations
1543	UNSCRAMBLE	cerrota	reactor
1544	UNSCRAMBLE	sdiehmshko	sheikhdoms
1545	UNSCRAMBLE	ncdivetaca	vaccinated
1546	UNSCRAMBLE	kikidns	kidskin
1547	UNSCRAMBLE	rdbedgi	bridged
1548	UNSCRAMBLE	iatirvatogsn	gravitations
1549	UNSCRAMBLE	stubicorc	scorbutic
1550	UNSCRAMBLE	arsaimob	ambrosia